csv_timestamp,timestamp,type,region_name,totalClients,totalClientsWithoutService,totalClientsWithService,percentageClientsWithoutService,percentageClientsWithService
07/21/2023 04:23 AM,07/21/2023 12:20 AM,totals,,1468223,2458,1465765,0.17,99.83
07/21/2023 04:23 AM,07/21/2023 12:20 AM,region,Arecibo,177369,234,177135,0.13,99.87
07/21/2023 04:23 AM,07/21/2023 12:20 AM,region,Bayamon,216496,370,216126,0.17,99.83
07/21/2023 04:23 AM,07/21/2023 12:20 AM,region,Carolina,141663,6,141657,0.0,100.0
07/21/2023 04:23 AM,07/21/2023 12:20 AM,region,Caguas,250514,1153,249361,0.46,99.54
07/21/2023 04:23 AM,07/21/2023 12:20 AM,region,Mayaguez,216605,529,216076,0.24,99.76
07/21/2023 04:23 AM,07/21/2023 12:20 AM,region,Ponce,212508,2,212506,0.0,100.0
07/21/2023 04:23 AM,07/21/2023 12:20 AM,region,San Juan,253068,164,252904,0.06,99.94
07/21/2023 12:29 AM,07/21/2023 12:25 AM,totals,,1468223,2460,1465763,0.17,99.83
07/21/2023 12:29 AM,07/21/2023 12:25 AM,region,Arecibo,177369,234,177135,0.13,99.87
07/21/2023 12:29 AM,07/21/2023 12:25 AM,region,Bayamon,216496,370,216126,0.17,99.83
07/21/2023 12:29 AM,07/21/2023 12:25 AM,region,Carolina,141663,6,141657,0.0,100.0
07/21/2023 12:29 AM,07/21/2023 12:25 AM,region,Caguas,250514,1155,249359,0.46,99.54
07/21/2023 12:29 AM,07/21/2023 12:25 AM,region,Mayaguez,216605,529,216076,0.24,99.76
07/21/2023 12:29 AM,07/21/2023 12:25 AM,region,Ponce,212508,2,212506,0.0,100.0
07/21/2023 12:29 AM,07/21/2023 12:25 AM,region,San Juan,253068,164,252904,0.06,99.94
07/21/2023 04:34 AM,07/21/2023 12:30 AM,totals,,1468223,2462,1465761,0.17,99.83
07/21/2023 04:34 AM,07/21/2023 12:30 AM,region,Arecibo,177369,234,177135,0.13,99.87
07/21/2023 04:34 AM,07/21/2023 12:30 AM,region,Bayamon,216496,370,216126,0.17,99.83
07/21/2023 04:34 AM,07/21/2023 12:30 AM,region,Carolina,141663,6,141657,0.0,100.0
07/21/2023 04:34 AM,07/21/2023 12:30 AM,region,Caguas,250514,1156,249358,0.46,99.54
07/21/2023 04:34 AM,07/21/2023 12:30 AM,region,Mayaguez,216605,529,216076,0.24,99.76
07/21/2023 04:34 AM,07/21/2023 12:30 AM,region,Ponce,212508,2,212506,0.0,100.0
07/21/2023 04:34 AM,07/21/2023 12:30 AM,region,San Juan,253068,165,252903,0.07,99.93
07/21/2023 04:39 AM,07/21/2023 12:35 AM,totals,,1468223,2465,1465758,0.17,99.83
07/21/2023 04:39 AM,07/21/2023 12:35 AM,region,Arecibo,177369,234,177135,0.13,99.87
07/21/2023 04:39 AM,07/21/2023 12:35 AM,region,Bayamon,216496,370,216126,0.17,99.83
07/21/2023 04:39 AM,07/21/2023 12:35 AM,region,Carolina,141663,7,141656,0.0,100.0
07/21/2023 04:39 AM,07/21/2023 12:35 AM,region,Caguas,250514,1158,249356,0.46,99.54
07/21/2023 04:39 AM,07/21/2023 12:35 AM,region,Mayaguez,216605,529,216076,0.24,99.76
07/21/2023 04:39 AM,07/21/2023 12:35 AM,region,Ponce,212508,2,212506,0.0,100.0
07/21/2023 04:39 AM,07/21/2023 12:35 AM,region,San Juan,253068,165,252903,0.07,99.93
07/21/2023 04:45 AM,07/21/2023 12:45 AM,totals,,1468223,2010,1466213,0.14,99.86
07/21/2023 04:45 AM,07/21/2023 12:45 AM,region,Arecibo,177369,234,177135,0.13,99.87
07/21/2023 04:45 AM,07/21/2023 12:45 AM,region,Bayamon,216496,370,216126,0.17,99.83
07/21/2023 04:45 AM,07/21/2023 12:45 AM,region,Carolina,141663,8,141655,0.01,99.99
07/21/2023 04:45 AM,07/21/2023 12:45 AM,region,Caguas,250514,1158,249356,0.46,99.54
07/21/2023 04:45 AM,07/21/2023 12:45 AM,region,Mayaguez,216605,95,216510,0.04,99.96
07/21/2023 04:45 AM,07/21/2023 12:45 AM,region,Ponce,212508,2,212506,0.0,100.0
07/21/2023 04:45 AM,07/21/2023 12:45 AM,region,San Juan,253068,143,252925,0.06,99.94
07/21/2023 04:51 AM,07/21/2023 12:50 AM,totals,,1468223,924,1467299,0.06,99.94
07/21/2023 04:51 AM,07/21/2023 12:50 AM,region,Arecibo,177369,234,177135,0.13,99.87
07/21/2023 04:51 AM,07/21/2023 12:50 AM,region,Bayamon,216496,370,216126,0.17,99.83
07/21/2023 04:51 AM,07/21/2023 12:50 AM,region,Carolina,141663,8,141655,0.01,99.99
07/21/2023 04:51 AM,07/21/2023 12:50 AM,region,Caguas,250514,140,250374,0.06,99.94
07/21/2023 04:51 AM,07/21/2023 12:50 AM,region,Mayaguez,216605,27,216578,0.01,99.99
07/21/2023 04:51 AM,07/21/2023 12:50 AM,region,Ponce,212508,2,212506,0.0,100.0
07/21/2023 04:51 AM,07/21/2023 12:50 AM,region,San Juan,253068,143,252925,0.06,99.94
07/21/2023 04:56 AM,07/21/2023 12:55 AM,totals,,1468223,925,1467298,0.06,99.94
07/21/2023 04:56 AM,07/21/2023 12:55 AM,region,Arecibo,177369,234,177135,0.13,99.87
07/21/2023 04:56 AM,07/21/2023 12:55 AM,region,Bayamon,216496,370,216126,0.17,99.83
07/21/2023 04:56 AM,07/21/2023 12:55 AM,region,Carolina,141663,8,141655,0.01,99.99
07/21/2023 04:56 AM,07/21/2023 12:55 AM,region,Caguas,250514,141,250373,0.06,99.94
07/21/2023 04:56 AM,07/21/2023 12:55 AM,region,Mayaguez,216605,27,216578,0.01,99.99
07/21/2023 04:56 AM,07/21/2023 12:55 AM,region,Ponce,212508,2,212506,0.0,100.0
07/21/2023 04:56 AM,07/21/2023 12:55 AM,region,San Juan,253068,143,252925,0.06,99.94
07/21/2023 05:03 AM,07/21/2023 01:00 AM,totals,,1468223,925,1467298,0.06,99.94
07/21/2023 05:03 AM,07/21/2023 01:00 AM,region,Arecibo,177369,234,177135,0.13,99.87
07/21/2023 05:03 AM,07/21/2023 01:00 AM,region,Bayamon,216496,370,216126,0.17,99.83
07/21/2023 05:03 AM,07/21/2023 01:00 AM,region,Carolina,141663,8,141655,0.01,99.99
07/21/2023 05:03 AM,07/21/2023 01:00 AM,region,Caguas,250514,141,250373,0.06,99.94
07/21/2023 05:03 AM,07/21/2023 01:00 AM,region,Mayaguez,216605,27,216578,0.01,99.99
07/21/2023 05:03 AM,07/21/2023 01:00 AM,region,Ponce,212508,2,212506,0.0,100.0
07/21/2023 05:03 AM,07/21/2023 01:00 AM,region,San Juan,253068,143,252925,0.06,99.94
07/21/2023 05:11 AM,07/21/2023 01:10 AM,totals,,1468223,927,1467296,0.06,99.94
07/21/2023 05:11 AM,07/21/2023 01:10 AM,region,Arecibo,177369,235,177134,0.13,99.87
07/21/2023 05:11 AM,07/21/2023 01:10 AM,region,Bayamon,216496,370,216126,0.17,99.83
07/21/2023 05:11 AM,07/21/2023 01:10 AM,region,Carolina,141663,9,141654,0.01,99.99
07/21/2023 05:11 AM,07/21/2023 01:10 AM,region,Caguas,250514,141,250373,0.06,99.94
07/21/2023 05:11 AM,07/21/2023 01:10 AM,region,Mayaguez,216605,27,216578,0.01,99.99
07/21/2023 05:11 AM,07/21/2023 01:10 AM,region,Ponce,212508,2,212506,0.0,100.0
07/21/2023 05:11 AM,07/21/2023 01:10 AM,region,San Juan,253068,143,252925,0.06,99.94
07/21/2023 05:20 AM,07/21/2023 01:20 AM,totals,,1468223,911,1467312,0.06,99.94
07/21/2023 05:20 AM,07/21/2023 01:20 AM,region,Arecibo,177369,235,177134,0.13,99.87
07/21/2023 05:20 AM,07/21/2023 01:20 AM,region,Bayamon,216496,370,216126,0.17,99.83
07/21/2023 05:20 AM,07/21/2023 01:20 AM,region,Carolina,141663,9,141654,0.01,99.99
07/21/2023 05:20 AM,07/21/2023 01:20 AM,region,Caguas,250514,143,250371,0.06,99.94
07/21/2023 05:20 AM,07/21/2023 01:20 AM,region,Mayaguez,216605,27,216578,0.01,99.99
07/21/2023 05:20 AM,07/21/2023 01:20 AM,region,Ponce,212508,2,212506,0.0,100.0
07/21/2023 05:20 AM,07/21/2023 01:20 AM,region,San Juan,253068,125,252943,0.05,99.95
07/21/2023 05:27 AM,07/21/2023 01:25 AM,totals,,1468223,918,1467305,0.06,99.94
07/21/2023 05:27 AM,07/21/2023 01:25 AM,region,Arecibo,177369,242,177127,0.14,99.86
07/21/2023 05:27 AM,07/21/2023 01:25 AM,region,Bayamon,216496,370,216126,0.17,99.83
07/21/2023 05:27 AM,07/21/2023 01:25 AM,region,Carolina,141663,9,141654,0.01,99.99
07/21/2023 05:27 AM,07/21/2023 01:25 AM,region,Caguas,250514,143,250371,0.06,99.94
07/21/2023 05:27 AM,07/21/2023 01:25 AM,region,Mayaguez,216605,27,216578,0.01,99.99
07/21/2023 05:27 AM,07/21/2023 01:25 AM,region,Ponce,212508,2,212506,0.0,100.0
07/21/2023 05:27 AM,07/21/2023 01:25 AM,region,San Juan,253068,125,252943,0.05,99.95
07/21/2023 05:33 AM,07/21/2023 01:30 AM,totals,,1468223,918,1467305,0.06,99.94
07/21/2023 05:33 AM,07/21/2023 01:30 AM,region,Arecibo,177369,242,177127,0.14,99.86
07/21/2023 05:33 AM,07/21/2023 01:30 AM,region,Bayamon,216496,370,216126,0.17,99.83
07/21/2023 05:33 AM,07/21/2023 01:30 AM,region,Carolina,141663,9,141654,0.01,99.99
07/21/2023 05:33 AM,07/21/2023 01:30 AM,region,Caguas,250514,143,250371,0.06,99.94
07/21/2023 05:33 AM,07/21/2023 01:30 AM,region,Mayaguez,216605,27,216578,0.01,99.99
07/21/2023 05:33 AM,07/21/2023 01:30 AM,region,Ponce,212508,2,212506,0.0,100.0
07/21/2023 05:33 AM,07/21/2023 01:30 AM,region,San Juan,253068,125,252943,0.05,99.95
07/21/2023 05:38 AM,07/21/2023 01:35 AM,totals,,1468223,917,1467306,0.06,99.94
07/21/2023 05:38 AM,07/21/2023 01:35 AM,region,Arecibo,177369,242,177127,0.14,99.86
07/21/2023 05:38 AM,07/21/2023 01:35 AM,region,Bayamon,216496,370,216126,0.17,99.83
07/21/2023 05:38 AM,07/21/2023 01:35 AM,region,Carolina,141663,9,141654,0.01,99.99
07/21/2023 05:38 AM,07/21/2023 01:35 AM,region,Caguas,250514,143,250371,0.06,99.94
07/21/2023 05:38 AM,07/21/2023 01:35 AM,region,Mayaguez,216605,27,216578,0.01,99.99
07/21/2023 05:38 AM,07/21/2023 01:35 AM,region,Ponce,212508,2,212506,0.0,100.0
07/21/2023 05:38 AM,07/21/2023 01:35 AM,region,San Juan,253068,124,252944,0.05,99.95
07/21/2023 05:44 AM,07/21/2023 01:40 AM,totals,,1468223,917,1467306,0.06,99.94
07/21/2023 05:44 AM,07/21/2023 01:40 AM,region,Arecibo,177369,242,177127,0.14,99.86
07/21/2023 05:44 AM,07/21/2023 01:40 AM,region,Bayamon,216496,370,216126,0.17,99.83
07/21/2023 05:44 AM,07/21/2023 01:40 AM,region,Carolina,141663,9,141654,0.01,99.99
07/21/2023 05:44 AM,07/21/2023 01:40 AM,region,Caguas,250514,143,250371,0.06,99.94
07/21/2023 05:44 AM,07/21/2023 01:40 AM,region,Mayaguez,216605,27,216578,0.01,99.99
07/21/2023 05:44 AM,07/21/2023 01:40 AM,region,Ponce,212508,2,212506,0.0,100.0
07/21/2023 05:44 AM,07/21/2023 01:40 AM,region,San Juan,253068,124,252944,0.05,99.95
07/21/2023 05:50 AM,07/21/2023 01:50 AM,totals,,1468223,918,1467305,0.06,99.94
07/21/2023 05:50 AM,07/21/2023 01:50 AM,region,Arecibo,177369,242,177127,0.14,99.86
07/21/2023 05:50 AM,07/21/2023 01:50 AM,region,Bayamon,216496,370,216126,0.17,99.83
07/21/2023 05:50 AM,07/21/2023 01:50 AM,region,Carolina,141663,9,141654,0.01,99.99
07/21/2023 05:50 AM,07/21/2023 01:50 AM,region,Caguas,250514,143,250371,0.06,99.94
07/21/2023 05:50 AM,07/21/2023 01:50 AM,region,Mayaguez,216605,27,216578,0.01,99.99
07/21/2023 05:50 AM,07/21/2023 01:50 AM,region,Ponce,212508,3,212505,0.0,100.0
07/21/2023 05:50 AM,07/21/2023 01:50 AM,region,San Juan,253068,124,252944,0.05,99.95
07/21/2023 05:56 AM,07/21/2023 01:55 AM,totals,,1468223,918,1467305,0.06,99.94
07/21/2023 05:56 AM,07/21/2023 01:55 AM,region,Arecibo,177369,242,177127,0.14,99.86
07/21/2023 05:56 AM,07/21/2023 01:55 AM,region,Bayamon,216496,370,216126,0.17,99.83
07/21/2023 05:56 AM,07/21/2023 01:55 AM,region,Carolina,141663,9,141654,0.01,99.99
07/21/2023 05:56 AM,07/21/2023 01:55 AM,region,Caguas,250514,143,250371,0.06,99.94
07/21/2023 05:56 AM,07/21/2023 01:55 AM,region,Mayaguez,216605,27,216578,0.01,99.99
07/21/2023 05:56 AM,07/21/2023 01:55 AM,region,Ponce,212508,3,212505,0.0,100.0
07/21/2023 05:56 AM,07/21/2023 01:55 AM,region,San Juan,253068,124,252944,0.05,99.95
07/21/2023 06:03 AM,07/21/2023 02:00 AM,totals,,1468223,919,1467304,0.06,99.94
07/21/2023 06:03 AM,07/21/2023 02:00 AM,region,Arecibo,177369,242,177127,0.14,99.86
07/21/2023 06:03 AM,07/21/2023 02:00 AM,region,Bayamon,216496,370,216126,0.17,99.83
07/21/2023 06:03 AM,07/21/2023 02:00 AM,region,Carolina,141663,9,141654,0.01,99.99
07/21/2023 06:03 AM,07/21/2023 02:00 AM,region,Caguas,250514,143,250371,0.06,99.94
07/21/2023 06:03 AM,07/21/2023 02:00 AM,region,Mayaguez,216605,27,216578,0.01,99.99
07/21/2023 06:03 AM,07/21/2023 02:00 AM,region,Ponce,212508,3,212505,0.0,100.0
07/21/2023 06:03 AM,07/21/2023 02:00 AM,region,San Juan,253068,125,252943,0.05,99.95
07/21/2023 06:11 AM,07/21/2023 02:10 AM,totals,,1468223,963,1467260,0.07,99.93
07/21/2023 06:11 AM,07/21/2023 02:10 AM,region,Arecibo,177369,242,177127,0.14,99.86
07/21/2023 06:11 AM,07/21/2023 02:10 AM,region,Bayamon,216496,371,216125,0.17,99.83
07/21/2023 06:11 AM,07/21/2023 02:10 AM,region,Carolina,141663,9,141654,0.01,99.99
07/21/2023 06:11 AM,07/21/2023 02:10 AM,region,Caguas,250514,143,250371,0.06,99.94
07/21/2023 06:11 AM,07/21/2023 02:10 AM,region,Mayaguez,216605,27,216578,0.01,99.99
07/21/2023 06:11 AM,07/21/2023 02:10 AM,region,Ponce,212508,155,212353,0.07,99.93
07/21/2023 06:11 AM,07/21/2023 02:10 AM,region,San Juan,253068,16,253052,0.01,99.99
07/21/2023 06:22 AM,07/21/2023 02:20 AM,totals,,1468223,963,1467260,0.07,99.93
07/21/2023 06:22 AM,07/21/2023 02:20 AM,region,Arecibo,177369,242,177127,0.14,99.86
07/21/2023 06:22 AM,07/21/2023 02:20 AM,region,Bayamon,216496,371,216125,0.17,99.83
07/21/2023 06:22 AM,07/21/2023 02:20 AM,region,Carolina,141663,9,141654,0.01,99.99
07/21/2023 06:22 AM,07/21/2023 02:20 AM,region,Caguas,250514,143,250371,0.06,99.94
07/21/2023 06:22 AM,07/21/2023 02:20 AM,region,Mayaguez,216605,27,216578,0.01,99.99
07/21/2023 06:22 AM,07/21/2023 02:20 AM,region,Ponce,212508,155,212353,0.07,99.93
07/21/2023 06:22 AM,07/21/2023 02:20 AM,region,San Juan,253068,16,253052,0.01,99.99
07/21/2023 06:30 AM,07/21/2023 02:30 AM,totals,,1468223,964,1467259,0.07,99.93
07/21/2023 06:30 AM,07/21/2023 02:30 AM,region,Arecibo,177369,242,177127,0.14,99.86
07/21/2023 06:30 AM,07/21/2023 02:30 AM,region,Bayamon,216496,371,216125,0.17,99.83
07/21/2023 06:30 AM,07/21/2023 02:30 AM,region,Carolina,141663,9,141654,0.01,99.99
07/21/2023 06:30 AM,07/21/2023 02:30 AM,region,Caguas,250514,144,250370,0.06,99.94
07/21/2023 06:30 AM,07/21/2023 02:30 AM,region,Mayaguez,216605,27,216578,0.01,99.99
07/21/2023 06:30 AM,07/21/2023 02:30 AM,region,Ponce,212508,155,212353,0.07,99.93
07/21/2023 06:30 AM,07/21/2023 02:30 AM,region,San Juan,253068,16,253052,0.01,99.99
07/21/2023 06:37 AM,07/21/2023 02:35 AM,totals,,1468223,964,1467259,0.07,99.93
07/21/2023 06:37 AM,07/21/2023 02:35 AM,region,Arecibo,177369,242,177127,0.14,99.86
07/21/2023 06:37 AM,07/21/2023 02:35 AM,region,Bayamon,216496,371,216125,0.17,99.83
07/21/2023 06:37 AM,07/21/2023 02:35 AM,region,Carolina,141663,10,141653,0.01,99.99
07/21/2023 06:37 AM,07/21/2023 02:35 AM,region,Caguas,250514,143,250371,0.06,99.94
07/21/2023 06:37 AM,07/21/2023 02:35 AM,region,Mayaguez,216605,27,216578,0.01,99.99
07/21/2023 06:37 AM,07/21/2023 02:35 AM,region,Ponce,212508,155,212353,0.07,99.93
07/21/2023 06:37 AM,07/21/2023 02:35 AM,region,San Juan,253068,16,253052,0.01,99.99
07/21/2023 06:43 AM,07/21/2023 02:40 AM,totals,,1468223,964,1467259,0.07,99.93
07/21/2023 06:43 AM,07/21/2023 02:40 AM,region,Arecibo,177369,242,177127,0.14,99.86
07/21/2023 06:43 AM,07/21/2023 02:40 AM,region,Bayamon,216496,371,216125,0.17,99.83
07/21/2023 06:43 AM,07/21/2023 02:40 AM,region,Carolina,141663,10,141653,0.01,99.99
07/21/2023 06:43 AM,07/21/2023 02:40 AM,region,Caguas,250514,143,250371,0.06,99.94
07/21/2023 06:43 AM,07/21/2023 02:40 AM,region,Mayaguez,216605,27,216578,0.01,99.99
07/21/2023 06:43 AM,07/21/2023 02:40 AM,region,Ponce,212508,155,212353,0.07,99.93
07/21/2023 06:43 AM,07/21/2023 02:40 AM,region,San Juan,253068,16,253052,0.01,99.99
07/21/2023 06:49 AM,07/21/2023 02:45 AM,totals,,1468223,963,1467260,0.07,99.93
07/21/2023 06:49 AM,07/21/2023 02:45 AM,region,Arecibo,177369,242,177127,0.14,99.86
07/21/2023 06:49 AM,07/21/2023 02:45 AM,region,Bayamon,216496,371,216125,0.17,99.83
07/21/2023 06:49 AM,07/21/2023 02:45 AM,region,Carolina,141663,10,141653,0.01,99.99
07/21/2023 06:49 AM,07/21/2023 02:45 AM,region,Caguas,250514,143,250371,0.06,99.94
07/21/2023 06:49 AM,07/21/2023 02:45 AM,region,Mayaguez,216605,27,216578,0.01,99.99
07/21/2023 06:49 AM,07/21/2023 02:45 AM,region,Ponce,212508,155,212353,0.07,99.93
07/21/2023 06:49 AM,07/21/2023 02:45 AM,region,San Juan,253068,15,253053,0.01,99.99
07/21/2023 06:55 AM,07/21/2023 02:55 AM,totals,,1468223,964,1467259,0.07,99.93
07/21/2023 06:55 AM,07/21/2023 02:55 AM,region,Arecibo,177369,243,177126,0.14,99.86
07/21/2023 06:55 AM,07/21/2023 02:55 AM,region,Bayamon,216496,371,216125,0.17,99.83
07/21/2023 06:55 AM,07/21/2023 02:55 AM,region,Carolina,141663,10,141653,0.01,99.99
07/21/2023 06:55 AM,07/21/2023 02:55 AM,region,Caguas,250514,143,250371,0.06,99.94
07/21/2023 06:55 AM,07/21/2023 02:55 AM,region,Mayaguez,216605,27,216578,0.01,99.99
07/21/2023 06:55 AM,07/21/2023 02:55 AM,region,Ponce,212508,155,212353,0.07,99.93
07/21/2023 06:55 AM,07/21/2023 02:55 AM,region,San Juan,253068,15,253053,0.01,99.99
07/21/2023 07:01 AM,07/21/2023 03:00 AM,totals,,1468223,964,1467259,0.07,99.93
07/21/2023 07:01 AM,07/21/2023 03:00 AM,region,Arecibo,177369,243,177126,0.14,99.86
07/21/2023 07:01 AM,07/21/2023 03:00 AM,region,Bayamon,216496,371,216125,0.17,99.83
07/21/2023 07:01 AM,07/21/2023 03:00 AM,region,Carolina,141663,10,141653,0.01,99.99
07/21/2023 07:01 AM,07/21/2023 03:00 AM,region,Caguas,250514,143,250371,0.06,99.94
07/21/2023 07:01 AM,07/21/2023 03:00 AM,region,Mayaguez,216605,27,216578,0.01,99.99
07/21/2023 07:01 AM,07/21/2023 03:00 AM,region,Ponce,212508,155,212353,0.07,99.93
07/21/2023 07:01 AM,07/21/2023 03:00 AM,region,San Juan,253068,15,253053,0.01,99.99
07/21/2023 07:09 AM,07/21/2023 03:05 AM,totals,,1468223,964,1467259,0.07,99.93
07/21/2023 07:09 AM,07/21/2023 03:05 AM,region,Arecibo,177369,243,177126,0.14,99.86
07/21/2023 07:09 AM,07/21/2023 03:05 AM,region,Bayamon,216496,371,216125,0.17,99.83
07/21/2023 07:09 AM,07/21/2023 03:05 AM,region,Carolina,141663,10,141653,0.01,99.99
07/21/2023 07:09 AM,07/21/2023 03:05 AM,region,Caguas,250514,143,250371,0.06,99.94
07/21/2023 07:09 AM,07/21/2023 03:05 AM,region,Mayaguez,216605,27,216578,0.01,99.99
07/21/2023 07:09 AM,07/21/2023 03:05 AM,region,Ponce,212508,155,212353,0.07,99.93
07/21/2023 07:09 AM,07/21/2023 03:05 AM,region,San Juan,253068,15,253053,0.01,99.99
07/21/2023 07:16 AM,07/21/2023 03:15 AM,totals,,1468223,956,1467267,0.07,99.93
07/21/2023 07:16 AM,07/21/2023 03:15 AM,region,Arecibo,177369,243,177126,0.14,99.86
07/21/2023 07:16 AM,07/21/2023 03:15 AM,region,Bayamon,216496,371,216125,0.17,99.83
07/21/2023 07:16 AM,07/21/2023 03:15 AM,region,Carolina,141663,10,141653,0.01,99.99
07/21/2023 07:16 AM,07/21/2023 03:15 AM,region,Caguas,250514,143,250371,0.06,99.94
07/21/2023 07:16 AM,07/21/2023 03:15 AM,region,Mayaguez,216605,27,216578,0.01,99.99
07/21/2023 07:16 AM,07/21/2023 03:15 AM,region,Ponce,212508,155,212353,0.07,99.93
07/21/2023 07:16 AM,07/21/2023 03:15 AM,region,San Juan,253068,7,253061,0.0,100.0
07/21/2023 07:22 AM,07/21/2023 03:20 AM,totals,,1468223,975,1467248,0.07,99.93
07/21/2023 07:22 AM,07/21/2023 03:20 AM,region,Arecibo,177369,243,177126,0.14,99.86
07/21/2023 07:22 AM,07/21/2023 03:20 AM,region,Bayamon,216496,371,216125,0.17,99.83
07/21/2023 07:22 AM,07/21/2023 03:20 AM,region,Carolina,141663,10,141653,0.01,99.99
07/21/2023 07:22 AM,07/21/2023 03:20 AM,region,Caguas,250514,143,250371,0.06,99.94
07/21/2023 07:22 AM,07/21/2023 03:20 AM,region,Mayaguez,216605,29,216576,0.01,99.99
07/21/2023 07:22 AM,07/21/2023 03:20 AM,region,Ponce,212508,155,212353,0.07,99.93
07/21/2023 07:22 AM,07/21/2023 03:20 AM,region,San Juan,253068,24,253044,0.01,99.99
07/21/2023 07:28 AM,07/21/2023 03:25 AM,totals,,1468223,976,1467247,0.07,99.93
07/21/2023 07:28 AM,07/21/2023 03:25 AM,region,Arecibo,177369,243,177126,0.14,99.86
07/21/2023 07:28 AM,07/21/2023 03:25 AM,region,Bayamon,216496,372,216124,0.17,99.83
07/21/2023 07:28 AM,07/21/2023 03:25 AM,region,Carolina,141663,10,141653,0.01,99.99
07/21/2023 07:28 AM,07/21/2023 03:25 AM,region,Caguas,250514,143,250371,0.06,99.94
07/21/2023 07:28 AM,07/21/2023 03:25 AM,region,Mayaguez,216605,29,216576,0.01,99.99
07/21/2023 07:28 AM,07/21/2023 03:25 AM,region,Ponce,212508,155,212353,0.07,99.93
07/21/2023 07:28 AM,07/21/2023 03:25 AM,region,San Juan,253068,24,253044,0.01,99.99
07/21/2023 07:34 AM,07/21/2023 03:30 AM,totals,,1468223,976,1467247,0.07,99.93
07/21/2023 07:34 AM,07/21/2023 03:30 AM,region,Arecibo,177369,243,177126,0.14,99.86
07/21/2023 07:34 AM,07/21/2023 03:30 AM,region,Bayamon,216496,372,216124,0.17,99.83
07/21/2023 07:34 AM,07/21/2023 03:30 AM,region,Carolina,141663,10,141653,0.01,99.99
07/21/2023 07:34 AM,07/21/2023 03:30 AM,region,Caguas,250514,143,250371,0.06,99.94
07/21/2023 07:34 AM,07/21/2023 03:30 AM,region,Mayaguez,216605,29,216576,0.01,99.99
07/21/2023 07:34 AM,07/21/2023 03:30 AM,region,Ponce,212508,155,212353,0.07,99.93
07/21/2023 07:34 AM,07/21/2023 03:30 AM,region,San Juan,253068,24,253044,0.01,99.99
07/21/2023 07:40 AM,07/21/2023 03:40 AM,totals,,1468223,1159,1467064,0.08,99.92
07/21/2023 07:40 AM,07/21/2023 03:40 AM,region,Arecibo,177369,426,176943,0.24,99.76
07/21/2023 07:40 AM,07/21/2023 03:40 AM,region,Bayamon,216496,372,216124,0.17,99.83
07/21/2023 07:40 AM,07/21/2023 03:40 AM,region,Carolina,141663,10,141653,0.01,99.99
07/21/2023 07:40 AM,07/21/2023 03:40 AM,region,Caguas,250514,143,250371,0.06,99.94
07/21/2023 07:40 AM,07/21/2023 03:40 AM,region,Mayaguez,216605,29,216576,0.01,99.99
07/21/2023 07:40 AM,07/21/2023 03:40 AM,region,Ponce,212508,155,212353,0.07,99.93
07/21/2023 07:40 AM,07/21/2023 03:40 AM,region,San Juan,253068,24,253044,0.01,99.99
07/21/2023 07:45 AM,07/21/2023 03:45 AM,totals,,1468223,1159,1467064,0.08,99.92
07/21/2023 07:45 AM,07/21/2023 03:45 AM,region,Arecibo,177369,426,176943,0.24,99.76
07/21/2023 07:45 AM,07/21/2023 03:45 AM,region,Bayamon,216496,372,216124,0.17,99.83
07/21/2023 07:45 AM,07/21/2023 03:45 AM,region,Carolina,141663,10,141653,0.01,99.99
07/21/2023 07:45 AM,07/21/2023 03:45 AM,region,Caguas,250514,143,250371,0.06,99.94
07/21/2023 07:45 AM,07/21/2023 03:45 AM,region,Mayaguez,216605,29,216576,0.01,99.99
07/21/2023 07:45 AM,07/21/2023 03:45 AM,region,Ponce,212508,155,212353,0.07,99.93
07/21/2023 07:45 AM,07/21/2023 03:45 AM,region,San Juan,253068,24,253044,0.01,99.99
07/21/2023 07:51 AM,07/21/2023 03:50 AM,totals,,1468223,1184,1467039,0.08,99.92
07/21/2023 07:51 AM,07/21/2023 03:50 AM,region,Arecibo,177369,451,176918,0.25,99.75
07/21/2023 07:51 AM,07/21/2023 03:50 AM,region,Bayamon,216496,372,216124,0.17,99.83
07/21/2023 07:51 AM,07/21/2023 03:50 AM,region,Carolina,141663,10,141653,0.01,99.99
07/21/2023 07:51 AM,07/21/2023 03:50 AM,region,Caguas,250514,143,250371,0.06,99.94
07/21/2023 07:51 AM,07/21/2023 03:50 AM,region,Mayaguez,216605,29,216576,0.01,99.99
07/21/2023 07:51 AM,07/21/2023 03:50 AM,region,Ponce,212508,155,212353,0.07,99.93
07/21/2023 07:51 AM,07/21/2023 03:50 AM,region,San Juan,253068,24,253044,0.01,99.99
07/21/2023 07:57 AM,07/21/2023 03:55 AM,totals,,1468223,1185,1467038,0.08,99.92
07/21/2023 07:57 AM,07/21/2023 03:55 AM,region,Arecibo,177369,451,176918,0.25,99.75
07/21/2023 07:57 AM,07/21/2023 03:55 AM,region,Bayamon,216496,372,216124,0.17,99.83
07/21/2023 07:57 AM,07/21/2023 03:55 AM,region,Carolina,141663,11,141652,0.01,99.99
07/21/2023 07:57 AM,07/21/2023 03:55 AM,region,Caguas,250514,143,250371,0.06,99.94
07/21/2023 07:57 AM,07/21/2023 03:55 AM,region,Mayaguez,216605,29,216576,0.01,99.99
07/21/2023 07:57 AM,07/21/2023 03:55 AM,region,Ponce,212508,155,212353,0.07,99.93
07/21/2023 07:57 AM,07/21/2023 03:55 AM,region,San Juan,253068,24,253044,0.01,99.99
07/21/2023 08:05 AM,07/21/2023 04:05 AM,totals,,1468223,1207,1467016,0.08,99.92
07/21/2023 08:05 AM,07/21/2023 04:05 AM,region,Arecibo,177369,473,176896,0.27,99.73
07/21/2023 08:05 AM,07/21/2023 04:05 AM,region,Bayamon,216496,372,216124,0.17,99.83
07/21/2023 08:05 AM,07/21/2023 04:05 AM,region,Carolina,141663,11,141652,0.01,99.99
07/21/2023 08:05 AM,07/21/2023 04:05 AM,region,Caguas,250514,143,250371,0.06,99.94
07/21/2023 08:05 AM,07/21/2023 04:05 AM,region,Mayaguez,216605,29,216576,0.01,99.99
07/21/2023 08:05 AM,07/21/2023 04:05 AM,region,Ponce,212508,155,212353,0.07,99.93
07/21/2023 08:05 AM,07/21/2023 04:05 AM,region,San Juan,253068,24,253044,0.01,99.99
07/21/2023 08:14 AM,07/21/2023 04:10 AM,totals,,1468223,1208,1467015,0.08,99.92
07/21/2023 08:14 AM,07/21/2023 04:10 AM,region,Arecibo,177369,473,176896,0.27,99.73
07/21/2023 08:14 AM,07/21/2023 04:10 AM,region,Bayamon,216496,373,216123,0.17,99.83
07/21/2023 08:14 AM,07/21/2023 04:10 AM,region,Carolina,141663,11,141652,0.01,99.99
07/21/2023 08:14 AM,07/21/2023 04:10 AM,region,Caguas,250514,143,250371,0.06,99.94
07/21/2023 08:14 AM,07/21/2023 04:10 AM,region,Mayaguez,216605,29,216576,0.01,99.99
07/21/2023 08:14 AM,07/21/2023 04:10 AM,region,Ponce,212508,155,212353,0.07,99.93
07/21/2023 08:14 AM,07/21/2023 04:10 AM,region,San Juan,253068,24,253044,0.01,99.99
07/21/2023 08:24 AM,07/21/2023 04:20 AM,totals,,1468223,1208,1467015,0.08,99.92
07/21/2023 08:24 AM,07/21/2023 04:20 AM,region,Arecibo,177369,473,176896,0.27,99.73
07/21/2023 08:24 AM,07/21/2023 04:20 AM,region,Bayamon,216496,373,216123,0.17,99.83
07/21/2023 08:24 AM,07/21/2023 04:20 AM,region,Carolina,141663,11,141652,0.01,99.99
07/21/2023 08:24 AM,07/21/2023 04:20 AM,region,Caguas,250514,143,250371,0.06,99.94
07/21/2023 08:24 AM,07/21/2023 04:20 AM,region,Mayaguez,216605,29,216576,0.01,99.99
07/21/2023 08:24 AM,07/21/2023 04:20 AM,region,Ponce,212508,155,212353,0.07,99.93
07/21/2023 08:24 AM,07/21/2023 04:20 AM,region,San Juan,253068,24,253044,0.01,99.99
07/21/2023 08:31 AM,07/21/2023 04:30 AM,totals,,1468223,1207,1467016,0.08,99.92
07/21/2023 08:31 AM,07/21/2023 04:30 AM,region,Arecibo,177369,473,176896,0.27,99.73
07/21/2023 08:31 AM,07/21/2023 04:30 AM,region,Bayamon,216496,373,216123,0.17,99.83
07/21/2023 08:31 AM,07/21/2023 04:30 AM,region,Carolina,141663,11,141652,0.01,99.99
07/21/2023 08:31 AM,07/21/2023 04:30 AM,region,Caguas,250514,143,250371,0.06,99.94
07/21/2023 08:31 AM,07/21/2023 04:30 AM,region,Mayaguez,216605,29,216576,0.01,99.99
07/21/2023 08:31 AM,07/21/2023 04:30 AM,region,Ponce,212508,155,212353,0.07,99.93
07/21/2023 08:31 AM,07/21/2023 04:30 AM,region,San Juan,253068,23,253045,0.01,99.99
07/21/2023 08:37 AM,07/21/2023 04:35 AM,totals,,1468223,1207,1467016,0.08,99.92
07/21/2023 08:37 AM,07/21/2023 04:35 AM,region,Arecibo,177369,473,176896,0.27,99.73
07/21/2023 08:37 AM,07/21/2023 04:35 AM,region,Bayamon,216496,373,216123,0.17,99.83
07/21/2023 08:37 AM,07/21/2023 04:35 AM,region,Carolina,141663,11,141652,0.01,99.99
07/21/2023 08:37 AM,07/21/2023 04:35 AM,region,Caguas,250514,143,250371,0.06,99.94
07/21/2023 08:37 AM,07/21/2023 04:35 AM,region,Mayaguez,216605,29,216576,0.01,99.99
07/21/2023 08:37 AM,07/21/2023 04:35 AM,region,Ponce,212508,155,212353,0.07,99.93
07/21/2023 08:37 AM,07/21/2023 04:35 AM,region,San Juan,253068,23,253045,0.01,99.99
07/21/2023 08:43 AM,07/21/2023 04:40 AM,totals,,1468223,1207,1467016,0.08,99.92
07/21/2023 08:43 AM,07/21/2023 04:40 AM,region,Arecibo,177369,473,176896,0.27,99.73
07/21/2023 08:43 AM,07/21/2023 04:40 AM,region,Bayamon,216496,373,216123,0.17,99.83
07/21/2023 08:43 AM,07/21/2023 04:40 AM,region,Carolina,141663,11,141652,0.01,99.99
07/21/2023 08:43 AM,07/21/2023 04:40 AM,region,Caguas,250514,143,250371,0.06,99.94
07/21/2023 08:43 AM,07/21/2023 04:40 AM,region,Mayaguez,216605,29,216576,0.01,99.99
07/21/2023 08:43 AM,07/21/2023 04:40 AM,region,Ponce,212508,155,212353,0.07,99.93
07/21/2023 08:43 AM,07/21/2023 04:40 AM,region,San Juan,253068,23,253045,0.01,99.99
07/21/2023 08:49 AM,07/21/2023 04:45 AM,totals,,1468223,856,1467367,0.06,99.94
07/21/2023 08:49 AM,07/21/2023 04:45 AM,region,Arecibo,177369,473,176896,0.27,99.73
07/21/2023 08:49 AM,07/21/2023 04:45 AM,region,Bayamon,216496,22,216474,0.01,99.99
07/21/2023 08:49 AM,07/21/2023 04:45 AM,region,Carolina,141663,11,141652,0.01,99.99
07/21/2023 08:49 AM,07/21/2023 04:45 AM,region,Caguas,250514,143,250371,0.06,99.94
07/21/2023 08:49 AM,07/21/2023 04:45 AM,region,Mayaguez,216605,29,216576,0.01,99.99
07/21/2023 08:49 AM,07/21/2023 04:45 AM,region,Ponce,212508,155,212353,0.07,99.93
07/21/2023 08:49 AM,07/21/2023 04:45 AM,region,San Juan,253068,23,253045,0.01,99.99
07/21/2023 08:55 AM,07/21/2023 04:55 AM,totals,,1468223,703,1467520,0.05,99.95
07/21/2023 08:55 AM,07/21/2023 04:55 AM,region,Arecibo,177369,473,176896,0.27,99.73
07/21/2023 08:55 AM,07/21/2023 04:55 AM,region,Bayamon,216496,21,216475,0.01,99.99
07/21/2023 08:55 AM,07/21/2023 04:55 AM,region,Carolina,141663,11,141652,0.01,99.99
07/21/2023 08:55 AM,07/21/2023 04:55 AM,region,Caguas,250514,143,250371,0.06,99.94
07/21/2023 08:55 AM,07/21/2023 04:55 AM,region,Mayaguez,216605,29,216576,0.01,99.99
07/21/2023 08:55 AM,07/21/2023 04:55 AM,region,Ponce,212508,3,212505,0.0,100.0
07/21/2023 08:55 AM,07/21/2023 04:55 AM,region,San Juan,253068,23,253045,0.01,99.99
07/21/2023 09:01 AM,07/21/2023 05:00 AM,totals,,1468223,703,1467520,0.05,99.95
07/21/2023 09:01 AM,07/21/2023 05:00 AM,region,Arecibo,177369,473,176896,0.27,99.73
07/21/2023 09:01 AM,07/21/2023 05:00 AM,region,Bayamon,216496,21,216475,0.01,99.99
07/21/2023 09:01 AM,07/21/2023 05:00 AM,region,Carolina,141663,11,141652,0.01,99.99
07/21/2023 09:01 AM,07/21/2023 05:00 AM,region,Caguas,250514,143,250371,0.06,99.94
07/21/2023 09:01 AM,07/21/2023 05:00 AM,region,Mayaguez,216605,29,216576,0.01,99.99
07/21/2023 09:01 AM,07/21/2023 05:00 AM,region,Ponce,212508,3,212505,0.0,100.0
07/21/2023 09:01 AM,07/21/2023 05:00 AM,region,San Juan,253068,23,253045,0.01,99.99
07/21/2023 09:09 AM,07/21/2023 05:05 AM,totals,,1468223,703,1467520,0.05,99.95
07/21/2023 09:09 AM,07/21/2023 05:05 AM,region,Arecibo,177369,473,176896,0.27,99.73
07/21/2023 09:09 AM,07/21/2023 05:05 AM,region,Bayamon,216496,21,216475,0.01,99.99
07/21/2023 09:09 AM,07/21/2023 05:05 AM,region,Carolina,141663,11,141652,0.01,99.99
07/21/2023 09:09 AM,07/21/2023 05:05 AM,region,Caguas,250514,143,250371,0.06,99.94
07/21/2023 09:09 AM,07/21/2023 05:05 AM,region,Mayaguez,216605,29,216576,0.01,99.99
07/21/2023 09:09 AM,07/21/2023 05:05 AM,region,Ponce,212508,3,212505,0.0,100.0
07/21/2023 09:09 AM,07/21/2023 05:05 AM,region,San Juan,253068,23,253045,0.01,99.99
07/21/2023 09:17 AM,07/21/2023 05:15 AM,totals,,1468223,706,1467517,0.05,99.95
07/21/2023 09:17 AM,07/21/2023 05:15 AM,region,Arecibo,177369,473,176896,0.27,99.73
07/21/2023 09:17 AM,07/21/2023 05:15 AM,region,Bayamon,216496,21,216475,0.01,99.99
07/21/2023 09:17 AM,07/21/2023 05:15 AM,region,Carolina,141663,12,141651,0.01,99.99
07/21/2023 09:17 AM,07/21/2023 05:15 AM,region,Caguas,250514,144,250370,0.06,99.94
07/21/2023 09:17 AM,07/21/2023 05:15 AM,region,Mayaguez,216605,30,216575,0.01,99.99
07/21/2023 09:17 AM,07/21/2023 05:15 AM,region,Ponce,212508,3,212505,0.0,100.0
07/21/2023 09:17 AM,07/21/2023 05:15 AM,region,San Juan,253068,23,253045,0.01,99.99
07/21/2023 09:24 AM,07/21/2023 05:20 AM,totals,,1468223,706,1467517,0.05,99.95
07/21/2023 09:24 AM,07/21/2023 05:20 AM,region,Arecibo,177369,473,176896,0.27,99.73
07/21/2023 09:24 AM,07/21/2023 05:20 AM,region,Bayamon,216496,21,216475,0.01,99.99
07/21/2023 09:24 AM,07/21/2023 05:20 AM,region,Carolina,141663,12,141651,0.01,99.99
07/21/2023 09:24 AM,07/21/2023 05:20 AM,region,Caguas,250514,144,250370,0.06,99.94
07/21/2023 09:24 AM,07/21/2023 05:20 AM,region,Mayaguez,216605,30,216575,0.01,99.99
07/21/2023 09:24 AM,07/21/2023 05:20 AM,region,Ponce,212508,3,212505,0.0,100.0
07/21/2023 09:24 AM,07/21/2023 05:20 AM,region,San Juan,253068,23,253045,0.01,99.99
07/21/2023 09:29 AM,07/21/2023 05:25 AM,totals,,1468223,707,1467516,0.05,99.95
07/21/2023 09:29 AM,07/21/2023 05:25 AM,region,Arecibo,177369,474,176895,0.27,99.73
07/21/2023 09:29 AM,07/21/2023 05:25 AM,region,Bayamon,216496,21,216475,0.01,99.99
07/21/2023 09:29 AM,07/21/2023 05:25 AM,region,Carolina,141663,12,141651,0.01,99.99
07/21/2023 09:29 AM,07/21/2023 05:25 AM,region,Caguas,250514,144,250370,0.06,99.94
07/21/2023 09:29 AM,07/21/2023 05:25 AM,region,Mayaguez,216605,30,216575,0.01,99.99
07/21/2023 09:29 AM,07/21/2023 05:25 AM,region,Ponce,212508,3,212505,0.0,100.0
07/21/2023 09:29 AM,07/21/2023 05:25 AM,region,San Juan,253068,23,253045,0.01,99.99
07/21/2023 09:35 AM,07/21/2023 05:35 AM,totals,,1468223,735,1467488,0.05,99.95
07/21/2023 09:35 AM,07/21/2023 05:35 AM,region,Arecibo,177369,474,176895,0.27,99.73
07/21/2023 09:35 AM,07/21/2023 05:35 AM,region,Bayamon,216496,21,216475,0.01,99.99
07/21/2023 09:35 AM,07/21/2023 05:35 AM,region,Carolina,141663,12,141651,0.01,99.99
07/21/2023 09:35 AM,07/21/2023 05:35 AM,region,Caguas,250514,172,250342,0.07,99.93
07/21/2023 09:35 AM,07/21/2023 05:35 AM,region,Mayaguez,216605,30,216575,0.01,99.99
07/21/2023 09:35 AM,07/21/2023 05:35 AM,region,Ponce,212508,3,212505,0.0,100.0
07/21/2023 09:35 AM,07/21/2023 05:35 AM,region,San Juan,253068,23,253045,0.01,99.99
07/21/2023 09:41 AM,07/21/2023 05:40 AM,totals,,1468223,737,1467486,0.05,99.95
07/21/2023 09:41 AM,07/21/2023 05:40 AM,region,Arecibo,177369,474,176895,0.27,99.73
07/21/2023 09:41 AM,07/21/2023 05:40 AM,region,Bayamon,216496,21,216475,0.01,99.99
07/21/2023 09:41 AM,07/21/2023 05:40 AM,region,Carolina,141663,12,141651,0.01,99.99
07/21/2023 09:41 AM,07/21/2023 05:40 AM,region,Caguas,250514,174,250340,0.07,99.93
07/21/2023 09:41 AM,07/21/2023 05:40 AM,region,Mayaguez,216605,30,216575,0.01,99.99
07/21/2023 09:41 AM,07/21/2023 05:40 AM,region,Ponce,212508,3,212505,0.0,100.0
07/21/2023 09:41 AM,07/21/2023 05:40 AM,region,San Juan,253068,23,253045,0.01,99.99
07/21/2023 09:47 AM,07/21/2023 05:45 AM,totals,,1468223,737,1467486,0.05,99.95
07/21/2023 09:47 AM,07/21/2023 05:45 AM,region,Arecibo,177369,474,176895,0.27,99.73
07/21/2023 09:47 AM,07/21/2023 05:45 AM,region,Bayamon,216496,21,216475,0.01,99.99
07/21/2023 09:47 AM,07/21/2023 05:45 AM,region,Carolina,141663,12,141651,0.01,99.99
07/21/2023 09:47 AM,07/21/2023 05:45 AM,region,Caguas,250514,174,250340,0.07,99.93
07/21/2023 09:47 AM,07/21/2023 05:45 AM,region,Mayaguez,216605,30,216575,0.01,99.99
07/21/2023 09:47 AM,07/21/2023 05:45 AM,region,Ponce,212508,3,212505,0.0,100.0
07/21/2023 09:47 AM,07/21/2023 05:45 AM,region,San Juan,253068,23,253045,0.01,99.99
07/21/2023 09:53 AM,07/21/2023 05:50 AM,totals,,1468223,738,1467485,0.05,99.95
07/21/2023 09:53 AM,07/21/2023 05:50 AM,region,Arecibo,177369,474,176895,0.27,99.73
07/21/2023 09:53 AM,07/21/2023 05:50 AM,region,Bayamon,216496,21,216475,0.01,99.99
07/21/2023 09:53 AM,07/21/2023 05:50 AM,region,Carolina,141663,12,141651,0.01,99.99
07/21/2023 09:53 AM,07/21/2023 05:50 AM,region,Caguas,250514,175,250339,0.07,99.93
07/21/2023 09:53 AM,07/21/2023 05:50 AM,region,Mayaguez,216605,30,216575,0.01,99.99
07/21/2023 09:53 AM,07/21/2023 05:50 AM,region,Ponce,212508,3,212505,0.0,100.0
07/21/2023 09:53 AM,07/21/2023 05:50 AM,region,San Juan,253068,23,253045,0.01,99.99
07/21/2023 09:58 AM,07/21/2023 05:55 AM,totals,,1468223,738,1467485,0.05,99.95
07/21/2023 09:58 AM,07/21/2023 05:55 AM,region,Arecibo,177369,474,176895,0.27,99.73
07/21/2023 09:58 AM,07/21/2023 05:55 AM,region,Bayamon,216496,21,216475,0.01,99.99
07/21/2023 09:58 AM,07/21/2023 05:55 AM,region,Carolina,141663,12,141651,0.01,99.99
07/21/2023 09:58 AM,07/21/2023 05:55 AM,region,Caguas,250514,175,250339,0.07,99.93
07/21/2023 09:58 AM,07/21/2023 05:55 AM,region,Mayaguez,216605,30,216575,0.01,99.99
07/21/2023 09:58 AM,07/21/2023 05:55 AM,region,Ponce,212508,3,212505,0.0,100.0
07/21/2023 09:58 AM,07/21/2023 05:55 AM,region,San Juan,253068,23,253045,0.01,99.99
07/21/2023 10:06 AM,07/21/2023 06:05 AM,totals,,1468223,740,1467483,0.05,99.95
07/21/2023 10:06 AM,07/21/2023 06:05 AM,region,Arecibo,177369,475,176894,0.27,99.73
07/21/2023 10:06 AM,07/21/2023 06:05 AM,region,Bayamon,216496,21,216475,0.01,99.99
07/21/2023 10:06 AM,07/21/2023 06:05 AM,region,Carolina,141663,12,141651,0.01,99.99
07/21/2023 10:06 AM,07/21/2023 06:05 AM,region,Caguas,250514,175,250339,0.07,99.93
07/21/2023 10:06 AM,07/21/2023 06:05 AM,region,Mayaguez,216605,30,216575,0.01,99.99
07/21/2023 10:06 AM,07/21/2023 06:05 AM,region,Ponce,212508,4,212504,0.0,100.0
07/21/2023 10:06 AM,07/21/2023 06:05 AM,region,San Juan,253068,23,253045,0.01,99.99
07/21/2023 10:16 AM,07/21/2023 06:15 AM,totals,,1468223,742,1467481,0.05,99.95
07/21/2023 10:16 AM,07/21/2023 06:15 AM,region,Arecibo,177369,475,176894,0.27,99.73
07/21/2023 10:16 AM,07/21/2023 06:15 AM,region,Bayamon,216496,22,216474,0.01,99.99
07/21/2023 10:16 AM,07/21/2023 06:15 AM,region,Carolina,141663,12,141651,0.01,99.99
07/21/2023 10:16 AM,07/21/2023 06:15 AM,region,Caguas,250514,175,250339,0.07,99.93
07/21/2023 10:16 AM,07/21/2023 06:15 AM,region,Mayaguez,216605,30,216575,0.01,99.99
07/21/2023 10:16 AM,07/21/2023 06:15 AM,region,Ponce,212508,5,212503,0.0,100.0
07/21/2023 10:16 AM,07/21/2023 06:15 AM,region,San Juan,253068,23,253045,0.01,99.99
07/21/2023 10:25 AM,07/21/2023 06:25 AM,totals,,1468223,743,1467480,0.05,99.95
07/21/2023 10:25 AM,07/21/2023 06:25 AM,region,Arecibo,177369,475,176894,0.27,99.73
07/21/2023 10:25 AM,07/21/2023 06:25 AM,region,Bayamon,216496,22,216474,0.01,99.99
07/21/2023 10:25 AM,07/21/2023 06:25 AM,region,Carolina,141663,12,141651,0.01,99.99
07/21/2023 10:25 AM,07/21/2023 06:25 AM,region,Caguas,250514,178,250336,0.07,99.93
07/21/2023 10:25 AM,07/21/2023 06:25 AM,region,Mayaguez,216605,29,216576,0.01,99.99
07/21/2023 10:25 AM,07/21/2023 06:25 AM,region,Ponce,212508,4,212504,0.0,100.0
07/21/2023 10:25 AM,07/21/2023 06:25 AM,region,San Juan,253068,23,253045,0.01,99.99
07/21/2023 10:31 AM,07/21/2023 06:30 AM,totals,,1468223,743,1467480,0.05,99.95
07/21/2023 10:31 AM,07/21/2023 06:30 AM,region,Arecibo,177369,475,176894,0.27,99.73
07/21/2023 10:31 AM,07/21/2023 06:30 AM,region,Bayamon,216496,22,216474,0.01,99.99
07/21/2023 10:31 AM,07/21/2023 06:30 AM,region,Carolina,141663,12,141651,0.01,99.99
07/21/2023 10:31 AM,07/21/2023 06:30 AM,region,Caguas,250514,178,250336,0.07,99.93
07/21/2023 10:31 AM,07/21/2023 06:30 AM,region,Mayaguez,216605,29,216576,0.01,99.99
07/21/2023 10:31 AM,07/21/2023 06:30 AM,region,Ponce,212508,4,212504,0.0,100.0
07/21/2023 10:31 AM,07/21/2023 06:30 AM,region,San Juan,253068,23,253045,0.01,99.99
07/21/2023 10:37 AM,07/21/2023 06:35 AM,totals,,1468223,744,1467479,0.05,99.95
07/21/2023 10:37 AM,07/21/2023 06:35 AM,region,Arecibo,177369,475,176894,0.27,99.73
07/21/2023 10:37 AM,07/21/2023 06:35 AM,region,Bayamon,216496,22,216474,0.01,99.99
07/21/2023 10:37 AM,07/21/2023 06:35 AM,region,Carolina,141663,12,141651,0.01,99.99
07/21/2023 10:37 AM,07/21/2023 06:35 AM,region,Caguas,250514,178,250336,0.07,99.93
07/21/2023 10:37 AM,07/21/2023 06:35 AM,region,Mayaguez,216605,29,216576,0.01,99.99
07/21/2023 10:37 AM,07/21/2023 06:35 AM,region,Ponce,212508,5,212503,0.0,100.0
07/21/2023 10:37 AM,07/21/2023 06:35 AM,region,San Juan,253068,23,253045,0.01,99.99
07/21/2023 10:43 AM,07/21/2023 06:40 AM,totals,,1468223,747,1467476,0.05,99.95
07/21/2023 10:43 AM,07/21/2023 06:40 AM,region,Arecibo,177369,474,176895,0.27,99.73
07/21/2023 10:43 AM,07/21/2023 06:40 AM,region,Bayamon,216496,24,216472,0.01,99.99
07/21/2023 10:43 AM,07/21/2023 06:40 AM,region,Carolina,141663,12,141651,0.01,99.99
07/21/2023 10:43 AM,07/21/2023 06:40 AM,region,Caguas,250514,178,250336,0.07,99.93
07/21/2023 10:43 AM,07/21/2023 06:40 AM,region,Mayaguez,216605,29,216576,0.01,99.99
07/21/2023 10:43 AM,07/21/2023 06:40 AM,region,Ponce,212508,7,212501,0.0,100.0
07/21/2023 10:43 AM,07/21/2023 06:40 AM,region,San Juan,253068,23,253045,0.01,99.99
07/21/2023 10:49 AM,07/21/2023 06:45 AM,totals,,1468223,747,1467476,0.05,99.95
07/21/2023 10:49 AM,07/21/2023 06:45 AM,region,Arecibo,177369,473,176896,0.27,99.73
07/21/2023 10:49 AM,07/21/2023 06:45 AM,region,Bayamon,216496,24,216472,0.01,99.99
07/21/2023 10:49 AM,07/21/2023 06:45 AM,region,Carolina,141663,12,141651,0.01,99.99
07/21/2023 10:49 AM,07/21/2023 06:45 AM,region,Caguas,250514,180,250334,0.07,99.93
07/21/2023 10:49 AM,07/21/2023 06:45 AM,region,Mayaguez,216605,29,216576,0.01,99.99
07/21/2023 10:49 AM,07/21/2023 06:45 AM,region,Ponce,212508,5,212503,0.0,100.0
07/21/2023 10:49 AM,07/21/2023 06:45 AM,region,San Juan,253068,24,253044,0.01,99.99
07/21/2023 10:55 AM,07/21/2023 06:55 AM,totals,,1468223,750,1467473,0.05,99.95
07/21/2023 10:55 AM,07/21/2023 06:55 AM,region,Arecibo,177369,473,176896,0.27,99.73
07/21/2023 10:55 AM,07/21/2023 06:55 AM,region,Bayamon,216496,25,216471,0.01,99.99
07/21/2023 10:55 AM,07/21/2023 06:55 AM,region,Carolina,141663,14,141649,0.01,99.99
07/21/2023 10:55 AM,07/21/2023 06:55 AM,region,Caguas,250514,180,250334,0.07,99.93
07/21/2023 10:55 AM,07/21/2023 06:55 AM,region,Mayaguez,216605,30,216575,0.01,99.99
07/21/2023 10:55 AM,07/21/2023 06:55 AM,region,Ponce,212508,4,212504,0.0,100.0
07/21/2023 10:55 AM,07/21/2023 06:55 AM,region,San Juan,253068,24,253044,0.01,99.99
07/21/2023 11:01 AM,07/21/2023 07:00 AM,totals,,1468223,750,1467473,0.05,99.95
07/21/2023 11:01 AM,07/21/2023 07:00 AM,region,Arecibo,177369,473,176896,0.27,99.73
07/21/2023 11:01 AM,07/21/2023 07:00 AM,region,Bayamon,216496,25,216471,0.01,99.99
07/21/2023 11:01 AM,07/21/2023 07:00 AM,region,Carolina,141663,14,141649,0.01,99.99
07/21/2023 11:01 AM,07/21/2023 07:00 AM,region,Caguas,250514,180,250334,0.07,99.93
07/21/2023 11:01 AM,07/21/2023 07:00 AM,region,Mayaguez,216605,30,216575,0.01,99.99
07/21/2023 11:01 AM,07/21/2023 07:00 AM,region,Ponce,212508,4,212504,0.0,100.0
07/21/2023 11:01 AM,07/21/2023 07:00 AM,region,San Juan,253068,24,253044,0.01,99.99
07/21/2023 11:08 AM,07/21/2023 07:05 AM,totals,,1468223,751,1467472,0.05,99.95
07/21/2023 11:08 AM,07/21/2023 07:05 AM,region,Arecibo,177369,473,176896,0.27,99.73
07/21/2023 11:08 AM,07/21/2023 07:05 AM,region,Bayamon,216496,26,216470,0.01,99.99
07/21/2023 11:08 AM,07/21/2023 07:05 AM,region,Carolina,141663,15,141648,0.01,99.99
07/21/2023 11:08 AM,07/21/2023 07:05 AM,region,Caguas,250514,179,250335,0.07,99.93
07/21/2023 11:08 AM,07/21/2023 07:05 AM,region,Mayaguez,216605,30,216575,0.01,99.99
07/21/2023 11:08 AM,07/21/2023 07:05 AM,region,Ponce,212508,4,212504,0.0,100.0
07/21/2023 11:08 AM,07/21/2023 07:05 AM,region,San Juan,253068,24,253044,0.01,99.99
07/21/2023 11:15 AM,07/21/2023 07:15 AM,totals,,1468223,645,1467578,0.04,99.96
07/21/2023 11:15 AM,07/21/2023 07:15 AM,region,Arecibo,177369,475,176894,0.27,99.73
07/21/2023 11:15 AM,07/21/2023 07:15 AM,region,Bayamon,216496,24,216472,0.01,99.99
07/21/2023 11:15 AM,07/21/2023 07:15 AM,region,Carolina,141663,15,141648,0.01,99.99
07/21/2023 11:15 AM,07/21/2023 07:15 AM,region,Caguas,250514,71,250443,0.03,99.97
07/21/2023 11:15 AM,07/21/2023 07:15 AM,region,Mayaguez,216605,31,216574,0.01,99.99
07/21/2023 11:15 AM,07/21/2023 07:15 AM,region,Ponce,212508,5,212503,0.0,100.0
07/21/2023 11:15 AM,07/21/2023 07:15 AM,region,San Juan,253068,24,253044,0.01,99.99
07/21/2023 11:21 AM,07/21/2023 07:20 AM,totals,,1468223,648,1467575,0.04,99.96
07/21/2023 11:21 AM,07/21/2023 07:20 AM,region,Arecibo,177369,475,176894,0.27,99.73
07/21/2023 11:21 AM,07/21/2023 07:20 AM,region,Bayamon,216496,24,216472,0.01,99.99
07/21/2023 11:21 AM,07/21/2023 07:20 AM,region,Carolina,141663,15,141648,0.01,99.99
07/21/2023 11:21 AM,07/21/2023 07:20 AM,region,Caguas,250514,72,250442,0.03,99.97
07/21/2023 11:21 AM,07/21/2023 07:20 AM,region,Mayaguez,216605,31,216574,0.01,99.99
07/21/2023 11:21 AM,07/21/2023 07:20 AM,region,Ponce,212508,7,212501,0.0,100.0
07/21/2023 11:21 AM,07/21/2023 07:20 AM,region,San Juan,253068,24,253044,0.01,99.99
07/21/2023 11:27 AM,07/21/2023 07:25 AM,totals,,1468223,661,1467562,0.05,99.95
07/21/2023 11:27 AM,07/21/2023 07:25 AM,region,Arecibo,177369,475,176894,0.27,99.73
07/21/2023 11:27 AM,07/21/2023 07:25 AM,region,Bayamon,216496,34,216462,0.02,99.98
07/21/2023 11:27 AM,07/21/2023 07:25 AM,region,Carolina,141663,15,141648,0.01,99.99
07/21/2023 11:27 AM,07/21/2023 07:25 AM,region,Caguas,250514,71,250443,0.03,99.97
07/21/2023 11:27 AM,07/21/2023 07:25 AM,region,Mayaguez,216605,31,216574,0.01,99.99
07/21/2023 11:27 AM,07/21/2023 07:25 AM,region,Ponce,212508,10,212498,0.0,100.0
07/21/2023 11:27 AM,07/21/2023 07:25 AM,region,San Juan,253068,25,253043,0.01,99.99
07/21/2023 11:33 AM,07/21/2023 07:30 AM,totals,,1468223,664,1467559,0.05,99.95
07/21/2023 11:33 AM,07/21/2023 07:30 AM,region,Arecibo,177369,475,176894,0.27,99.73
07/21/2023 11:33 AM,07/21/2023 07:30 AM,region,Bayamon,216496,34,216462,0.02,99.98
07/21/2023 11:33 AM,07/21/2023 07:30 AM,region,Carolina,141663,15,141648,0.01,99.99
07/21/2023 11:33 AM,07/21/2023 07:30 AM,region,Caguas,250514,71,250443,0.03,99.97
07/21/2023 11:33 AM,07/21/2023 07:30 AM,region,Mayaguez,216605,31,216574,0.01,99.99
07/21/2023 11:33 AM,07/21/2023 07:30 AM,region,Ponce,212508,13,212495,0.01,99.99
07/21/2023 11:33 AM,07/21/2023 07:30 AM,region,San Juan,253068,25,253043,0.01,99.99
07/21/2023 11:39 AM,07/21/2023 07:35 AM,totals,,1468223,514,1467709,0.04,99.96
07/21/2023 11:39 AM,07/21/2023 07:35 AM,region,Arecibo,177369,293,177076,0.17,99.83
07/21/2023 11:39 AM,07/21/2023 07:35 AM,region,Bayamon,216496,35,216461,0.02,99.98
07/21/2023 11:39 AM,07/21/2023 07:35 AM,region,Carolina,141663,19,141644,0.01,99.99
07/21/2023 11:39 AM,07/21/2023 07:35 AM,region,Caguas,250514,97,250417,0.04,99.96
07/21/2023 11:39 AM,07/21/2023 07:35 AM,region,Mayaguez,216605,31,216574,0.01,99.99
07/21/2023 11:39 AM,07/21/2023 07:35 AM,region,Ponce,212508,14,212494,0.01,99.99
07/21/2023 11:39 AM,07/21/2023 07:35 AM,region,San Juan,253068,25,253043,0.01,99.99
07/21/2023 11:44 AM,07/21/2023 07:40 AM,totals,,1468223,967,1467256,0.07,99.93
07/21/2023 11:44 AM,07/21/2023 07:40 AM,region,Arecibo,177369,293,177076,0.17,99.83
07/21/2023 11:44 AM,07/21/2023 07:40 AM,region,Bayamon,216496,36,216460,0.02,99.98
07/21/2023 11:44 AM,07/21/2023 07:40 AM,region,Carolina,141663,19,141644,0.01,99.99
07/21/2023 11:44 AM,07/21/2023 07:40 AM,region,Caguas,250514,549,249965,0.22,99.78
07/21/2023 11:44 AM,07/21/2023 07:40 AM,region,Mayaguez,216605,31,216574,0.01,99.99
07/21/2023 11:44 AM,07/21/2023 07:40 AM,region,Ponce,212508,14,212494,0.01,99.99
07/21/2023 11:44 AM,07/21/2023 07:40 AM,region,San Juan,253068,25,253043,0.01,99.99
07/21/2023 11:50 AM,07/21/2023 07:50 AM,totals,,1468223,981,1467242,0.07,99.93
07/21/2023 11:50 AM,07/21/2023 07:50 AM,region,Arecibo,177369,295,177074,0.17,99.83
07/21/2023 11:50 AM,07/21/2023 07:50 AM,region,Bayamon,216496,34,216462,0.02,99.98
07/21/2023 11:50 AM,07/21/2023 07:50 AM,region,Carolina,141663,19,141644,0.01,99.99
07/21/2023 11:50 AM,07/21/2023 07:50 AM,region,Caguas,250514,562,249952,0.22,99.78
07/21/2023 11:50 AM,07/21/2023 07:50 AM,region,Mayaguez,216605,32,216573,0.01,99.99
07/21/2023 11:50 AM,07/21/2023 07:50 AM,region,Ponce,212508,15,212493,0.01,99.99
07/21/2023 11:50 AM,07/21/2023 07:50 AM,region,San Juan,253068,24,253044,0.01,99.99
07/21/2023 11:56 AM,07/21/2023 07:55 AM,totals,,1468223,983,1467240,0.07,99.93
07/21/2023 11:56 AM,07/21/2023 07:55 AM,region,Arecibo,177369,293,177076,0.17,99.83
07/21/2023 11:56 AM,07/21/2023 07:55 AM,region,Bayamon,216496,37,216459,0.02,99.98
07/21/2023 11:56 AM,07/21/2023 07:55 AM,region,Carolina,141663,19,141644,0.01,99.99
07/21/2023 11:56 AM,07/21/2023 07:55 AM,region,Caguas,250514,563,249951,0.22,99.78
07/21/2023 11:56 AM,07/21/2023 07:55 AM,region,Mayaguez,216605,33,216572,0.02,99.98
07/21/2023 11:56 AM,07/21/2023 07:55 AM,region,Ponce,212508,13,212495,0.01,99.99
07/21/2023 11:56 AM,07/21/2023 07:55 AM,region,San Juan,253068,25,253043,0.01,99.99
07/21/2023 12:04 PM,07/21/2023 08:00 AM,totals,,1468223,984,1467239,0.07,99.93
07/21/2023 12:04 PM,07/21/2023 08:00 AM,region,Arecibo,177369,293,177076,0.17,99.83
07/21/2023 12:04 PM,07/21/2023 08:00 AM,region,Bayamon,216496,40,216456,0.02,99.98
07/21/2023 12:04 PM,07/21/2023 08:00 AM,region,Carolina,141663,19,141644,0.01,99.99
07/21/2023 12:04 PM,07/21/2023 08:00 AM,region,Caguas,250514,564,249950,0.23,99.77
07/21/2023 12:04 PM,07/21/2023 08:00 AM,region,Mayaguez,216605,34,216571,0.02,99.98
07/21/2023 12:04 PM,07/21/2023 08:00 AM,region,Ponce,212508,6,212502,0.0,100.0
07/21/2023 12:04 PM,07/21/2023 08:00 AM,region,San Juan,253068,28,253040,0.01,99.99
07/21/2023 12:13 PM,07/21/2023 08:10 AM,totals,,1468223,1076,1467147,0.07,99.93
07/21/2023 12:13 PM,07/21/2023 08:10 AM,region,Arecibo,177369,296,177073,0.17,99.83
07/21/2023 12:13 PM,07/21/2023 08:10 AM,region,Bayamon,216496,40,216456,0.02,99.98
07/21/2023 12:13 PM,07/21/2023 08:10 AM,region,Carolina,141663,19,141644,0.01,99.99
07/21/2023 12:13 PM,07/21/2023 08:10 AM,region,Caguas,250514,581,249933,0.23,99.77
07/21/2023 12:13 PM,07/21/2023 08:10 AM,region,Mayaguez,216605,83,216522,0.04,99.96
07/21/2023 12:13 PM,07/21/2023 08:10 AM,region,Ponce,212508,11,212497,0.01,99.99
07/21/2023 12:13 PM,07/21/2023 08:10 AM,region,San Juan,253068,46,253022,0.02,99.98
07/21/2023 12:26 PM,07/21/2023 08:25 AM,totals,,1468223,1110,1467113,0.08,99.92
07/21/2023 12:26 PM,07/21/2023 08:25 AM,region,Arecibo,177369,310,177059,0.17,99.83
07/21/2023 12:26 PM,07/21/2023 08:25 AM,region,Bayamon,216496,44,216452,0.02,99.98
07/21/2023 12:26 PM,07/21/2023 08:25 AM,region,Carolina,141663,20,141643,0.01,99.99
07/21/2023 12:26 PM,07/21/2023 08:25 AM,region,Caguas,250514,592,249922,0.24,99.76
07/21/2023 12:26 PM,07/21/2023 08:25 AM,region,Mayaguez,216605,84,216521,0.04,99.96
07/21/2023 12:26 PM,07/21/2023 08:25 AM,region,Ponce,212508,11,212497,0.01,99.99
07/21/2023 12:26 PM,07/21/2023 08:25 AM,region,San Juan,253068,49,253019,0.02,99.98
07/21/2023 12:40 PM,07/21/2023 08:40 AM,totals,,1468223,1584,1466639,0.11,99.89
07/21/2023 12:40 PM,07/21/2023 08:40 AM,region,Arecibo,177369,438,176931,0.25,99.75
07/21/2023 12:40 PM,07/21/2023 08:40 AM,region,Bayamon,216496,94,216402,0.04,99.96
07/21/2023 12:40 PM,07/21/2023 08:40 AM,region,Carolina,141663,19,141644,0.01,99.99
07/21/2023 12:40 PM,07/21/2023 08:40 AM,region,Caguas,250514,885,249629,0.35,99.65
07/21/2023 12:40 PM,07/21/2023 08:40 AM,region,Mayaguez,216605,85,216520,0.04,99.96
07/21/2023 12:40 PM,07/21/2023 08:40 AM,region,Ponce,212508,11,212497,0.01,99.99
07/21/2023 12:40 PM,07/21/2023 08:40 AM,region,San Juan,253068,52,253016,0.02,99.98
07/21/2023 12:51 PM,07/21/2023 08:50 AM,totals,,1468223,1567,1466656,0.11,99.89
07/21/2023 12:51 PM,07/21/2023 08:50 AM,region,Arecibo,177369,439,176930,0.25,99.75
07/21/2023 12:51 PM,07/21/2023 08:50 AM,region,Bayamon,216496,94,216402,0.04,99.96
07/21/2023 12:51 PM,07/21/2023 08:50 AM,region,Carolina,141663,19,141644,0.01,99.99
07/21/2023 12:51 PM,07/21/2023 08:50 AM,region,Caguas,250514,863,249651,0.34,99.66
07/21/2023 12:51 PM,07/21/2023 08:50 AM,region,Mayaguez,216605,85,216520,0.04,99.96
07/21/2023 12:51 PM,07/21/2023 08:50 AM,region,Ponce,212508,14,212494,0.01,99.99
07/21/2023 12:51 PM,07/21/2023 08:50 AM,region,San Juan,253068,53,253015,0.02,99.98
07/21/2023 01:00 PM,07/21/2023 09:00 AM,totals,,1468223,2585,1465638,0.18,99.82
07/21/2023 01:00 PM,07/21/2023 09:00 AM,region,Arecibo,177369,881,176488,0.5,99.5
07/21/2023 01:00 PM,07/21/2023 09:00 AM,region,Bayamon,216496,227,216269,0.1,99.9
07/21/2023 01:00 PM,07/21/2023 09:00 AM,region,Carolina,141663,15,141648,0.01,99.99
07/21/2023 01:00 PM,07/21/2023 09:00 AM,region,Caguas,250514,1311,249203,0.52,99.48
07/21/2023 01:00 PM,07/21/2023 09:00 AM,region,Mayaguez,216605,86,216519,0.04,99.96
07/21/2023 01:00 PM,07/21/2023 09:00 AM,region,Ponce,212508,14,212494,0.01,99.99
07/21/2023 01:00 PM,07/21/2023 09:00 AM,region,San Juan,253068,51,253017,0.02,99.98
07/21/2023 01:10 PM,07/21/2023 09:10 AM,totals,,1468223,3019,1465204,0.21,99.79
07/21/2023 01:10 PM,07/21/2023 09:10 AM,region,Arecibo,177369,872,176497,0.49,99.51
07/21/2023 01:10 PM,07/21/2023 09:10 AM,region,Bayamon,216496,223,216273,0.1,99.9
07/21/2023 01:10 PM,07/21/2023 09:10 AM,region,Carolina,141663,13,141650,0.01,99.99
07/21/2023 01:10 PM,07/21/2023 09:10 AM,region,Caguas,250514,1756,248758,0.7,99.3
07/21/2023 01:10 PM,07/21/2023 09:10 AM,region,Mayaguez,216605,87,216518,0.04,99.96
07/21/2023 01:10 PM,07/21/2023 09:10 AM,region,Ponce,212508,17,212491,0.01,99.99
07/21/2023 01:10 PM,07/21/2023 09:10 AM,region,San Juan,253068,51,253017,0.02,99.98
07/21/2023 01:19 PM,07/21/2023 09:15 AM,totals,,1468223,3041,1465182,0.21,99.79
07/21/2023 01:19 PM,07/21/2023 09:15 AM,region,Arecibo,177369,871,176498,0.49,99.51
07/21/2023 01:19 PM,07/21/2023 09:15 AM,region,Bayamon,216496,223,216273,0.1,99.9
07/21/2023 01:19 PM,07/21/2023 09:15 AM,region,Carolina,141663,13,141650,0.01,99.99
07/21/2023 01:19 PM,07/21/2023 09:15 AM,region,Caguas,250514,1769,248745,0.71,99.29
07/21/2023 01:19 PM,07/21/2023 09:15 AM,region,Mayaguez,216605,87,216518,0.04,99.96
07/21/2023 01:19 PM,07/21/2023 09:15 AM,region,Ponce,212508,26,212482,0.01,99.99
07/21/2023 01:19 PM,07/21/2023 09:15 AM,region,San Juan,253068,52,253016,0.02,99.98
07/21/2023 01:27 PM,07/21/2023 09:25 AM,totals,,1468223,3460,1464763,0.24,99.76
07/21/2023 01:27 PM,07/21/2023 09:25 AM,region,Arecibo,177369,856,176513,0.48,99.52
07/21/2023 01:27 PM,07/21/2023 09:25 AM,region,Bayamon,216496,224,216272,0.1,99.9
07/21/2023 01:27 PM,07/21/2023 09:25 AM,region,Carolina,141663,2,141661,0.0,100.0
07/21/2023 01:27 PM,07/21/2023 09:25 AM,region,Caguas,250514,2145,248369,0.86,99.14
07/21/2023 01:27 PM,07/21/2023 09:25 AM,region,Mayaguez,216605,158,216447,0.07,99.93
07/21/2023 01:27 PM,07/21/2023 09:25 AM,region,Ponce,212508,23,212485,0.01,99.99
07/21/2023 01:27 PM,07/21/2023 09:25 AM,region,San Juan,253068,52,253016,0.02,99.98
07/21/2023 01:33 PM,07/21/2023 09:30 AM,totals,,1468223,3463,1464760,0.24,99.76
07/21/2023 01:33 PM,07/21/2023 09:30 AM,region,Arecibo,177369,856,176513,0.48,99.52
07/21/2023 01:33 PM,07/21/2023 09:30 AM,region,Bayamon,216496,224,216272,0.1,99.9
07/21/2023 01:33 PM,07/21/2023 09:30 AM,region,Carolina,141663,2,141661,0.0,100.0
07/21/2023 01:33 PM,07/21/2023 09:30 AM,region,Caguas,250514,2146,248368,0.86,99.14
07/21/2023 01:33 PM,07/21/2023 09:30 AM,region,Mayaguez,216605,159,216446,0.07,99.93
07/21/2023 01:33 PM,07/21/2023 09:30 AM,region,Ponce,212508,23,212485,0.01,99.99
07/21/2023 01:33 PM,07/21/2023 09:30 AM,region,San Juan,253068,53,253015,0.02,99.98
07/21/2023 01:38 PM,07/21/2023 09:35 AM,totals,,1468223,3445,1464778,0.23,99.77
07/21/2023 01:38 PM,07/21/2023 09:35 AM,region,Arecibo,177369,855,176514,0.48,99.52
07/21/2023 01:38 PM,07/21/2023 09:35 AM,region,Bayamon,216496,203,216293,0.09,99.91
07/21/2023 01:38 PM,07/21/2023 09:35 AM,region,Carolina,141663,2,141661,0.0,100.0
07/21/2023 01:38 PM,07/21/2023 09:35 AM,region,Caguas,250514,2146,248368,0.86,99.14
07/21/2023 01:38 PM,07/21/2023 09:35 AM,region,Mayaguez,216605,160,216445,0.07,99.93
07/21/2023 01:38 PM,07/21/2023 09:35 AM,region,Ponce,212508,22,212486,0.01,99.99
07/21/2023 01:38 PM,07/21/2023 09:35 AM,region,San Juan,253068,57,253011,0.02,99.98
07/21/2023 01:44 PM,07/21/2023 09:40 AM,totals,,1468223,4462,1463761,0.3,99.7
07/21/2023 01:44 PM,07/21/2023 09:40 AM,region,Arecibo,177369,855,176514,0.48,99.52
07/21/2023 01:44 PM,07/21/2023 09:40 AM,region,Bayamon,216496,202,216294,0.09,99.91
07/21/2023 01:44 PM,07/21/2023 09:40 AM,region,Carolina,141663,3,141660,0.0,100.0
07/21/2023 01:44 PM,07/21/2023 09:40 AM,region,Caguas,250514,3163,247351,1.26,98.74
07/21/2023 01:44 PM,07/21/2023 09:40 AM,region,Mayaguez,216605,161,216444,0.07,99.93
07/21/2023 01:44 PM,07/21/2023 09:40 AM,region,Ponce,212508,21,212487,0.01,99.99
07/21/2023 01:44 PM,07/21/2023 09:40 AM,region,San Juan,253068,57,253011,0.02,99.98
07/21/2023 01:50 PM,07/21/2023 09:50 AM,totals,,1468223,5419,1462804,0.37,99.63
07/21/2023 01:50 PM,07/21/2023 09:50 AM,region,Arecibo,177369,854,176515,0.48,99.52
07/21/2023 01:50 PM,07/21/2023 09:50 AM,region,Bayamon,216496,201,216295,0.09,99.91
07/21/2023 01:50 PM,07/21/2023 09:50 AM,region,Carolina,141663,2,141661,0.0,100.0
07/21/2023 01:50 PM,07/21/2023 09:50 AM,region,Caguas,250514,3164,247350,1.26,98.74
07/21/2023 01:50 PM,07/21/2023 09:50 AM,region,Mayaguez,216605,162,216443,0.07,99.93
07/21/2023 01:50 PM,07/21/2023 09:50 AM,region,Ponce,212508,981,211527,0.46,99.54
07/21/2023 01:50 PM,07/21/2023 09:50 AM,region,San Juan,253068,55,253013,0.02,99.98
07/21/2023 01:56 PM,07/21/2023 09:55 AM,totals,,1468223,4979,1463244,0.34,99.66
07/21/2023 01:56 PM,07/21/2023 09:55 AM,region,Arecibo,177369,853,176516,0.48,99.52
07/21/2023 01:56 PM,07/21/2023 09:55 AM,region,Bayamon,216496,201,216295,0.09,99.91
07/21/2023 01:56 PM,07/21/2023 09:55 AM,region,Carolina,141663,2,141661,0.0,100.0
07/21/2023 01:56 PM,07/21/2023 09:55 AM,region,Caguas,250514,2727,247787,1.09,98.91
07/21/2023 01:56 PM,07/21/2023 09:55 AM,region,Mayaguez,216605,168,216437,0.08,99.92
07/21/2023 01:56 PM,07/21/2023 09:55 AM,region,Ponce,212508,973,211535,0.46,99.54
07/21/2023 01:56 PM,07/21/2023 09:55 AM,region,San Juan,253068,55,253013,0.02,99.98
07/21/2023 02:03 PM,07/21/2023 10:00 AM,totals,,1468223,4951,1463272,0.34,99.66
07/21/2023 02:03 PM,07/21/2023 10:00 AM,region,Arecibo,177369,853,176516,0.48,99.52
07/21/2023 02:03 PM,07/21/2023 10:00 AM,region,Bayamon,216496,201,216295,0.09,99.91
07/21/2023 02:03 PM,07/21/2023 10:00 AM,region,Carolina,141663,2,141661,0.0,100.0
07/21/2023 02:03 PM,07/21/2023 10:00 AM,region,Caguas,250514,2723,247791,1.09,98.91
07/21/2023 02:03 PM,07/21/2023 10:00 AM,region,Mayaguez,216605,144,216461,0.07,99.93
07/21/2023 02:03 PM,07/21/2023 10:00 AM,region,Ponce,212508,972,211536,0.46,99.54
07/21/2023 02:03 PM,07/21/2023 10:00 AM,region,San Juan,253068,56,253012,0.02,99.98
07/21/2023 02:10 PM,07/21/2023 10:10 AM,totals,,1468223,4965,1463258,0.34,99.66
07/21/2023 02:10 PM,07/21/2023 10:10 AM,region,Arecibo,177369,854,176515,0.48,99.52
07/21/2023 02:10 PM,07/21/2023 10:10 AM,region,Bayamon,216496,202,216294,0.09,99.91
07/21/2023 02:10 PM,07/21/2023 10:10 AM,region,Carolina,141663,2,141661,0.0,100.0
07/21/2023 02:10 PM,07/21/2023 10:10 AM,region,Caguas,250514,2731,247783,1.09,98.91
07/21/2023 02:10 PM,07/21/2023 10:10 AM,region,Mayaguez,216605,145,216460,0.07,99.93
07/21/2023 02:10 PM,07/21/2023 10:10 AM,region,Ponce,212508,975,211533,0.46,99.54
07/21/2023 02:10 PM,07/21/2023 10:10 AM,region,San Juan,253068,56,253012,0.02,99.98
07/21/2023 02:19 PM,07/21/2023 10:15 AM,totals,,1468223,5125,1463098,0.35,99.65
07/21/2023 02:19 PM,07/21/2023 10:15 AM,region,Arecibo,177369,854,176515,0.48,99.52
07/21/2023 02:19 PM,07/21/2023 10:15 AM,region,Bayamon,216496,202,216294,0.09,99.91
07/21/2023 02:19 PM,07/21/2023 10:15 AM,region,Carolina,141663,2,141661,0.0,100.0
07/21/2023 02:19 PM,07/21/2023 10:15 AM,region,Caguas,250514,2891,247623,1.15,98.85
07/21/2023 02:19 PM,07/21/2023 10:15 AM,region,Mayaguez,216605,145,216460,0.07,99.93
07/21/2023 02:19 PM,07/21/2023 10:15 AM,region,Ponce,212508,975,211533,0.46,99.54
07/21/2023 02:19 PM,07/21/2023 10:15 AM,region,San Juan,253068,56,253012,0.02,99.98
07/21/2023 02:27 PM,07/21/2023 10:25 AM,totals,,1468223,5188,1463035,0.35,99.65
07/21/2023 02:27 PM,07/21/2023 10:25 AM,region,Arecibo,177369,854,176515,0.48,99.52
07/21/2023 02:27 PM,07/21/2023 10:25 AM,region,Bayamon,216496,262,216234,0.12,99.88
07/21/2023 02:27 PM,07/21/2023 10:25 AM,region,Carolina,141663,3,141660,0.0,100.0
07/21/2023 02:27 PM,07/21/2023 10:25 AM,region,Caguas,250514,2889,247625,1.15,98.85
07/21/2023 02:27 PM,07/21/2023 10:25 AM,region,Mayaguez,216605,147,216458,0.07,99.93
07/21/2023 02:27 PM,07/21/2023 10:25 AM,region,Ponce,212508,978,211530,0.46,99.54
07/21/2023 02:27 PM,07/21/2023 10:25 AM,region,San Juan,253068,55,253013,0.02,99.98
07/21/2023 02:33 PM,07/21/2023 10:30 AM,totals,,1468223,5188,1463035,0.35,99.65
07/21/2023 02:33 PM,07/21/2023 10:30 AM,region,Arecibo,177369,855,176514,0.48,99.52
07/21/2023 02:33 PM,07/21/2023 10:30 AM,region,Bayamon,216496,262,216234,0.12,99.88
07/21/2023 02:33 PM,07/21/2023 10:30 AM,region,Carolina,141663,3,141660,0.0,100.0
07/21/2023 02:33 PM,07/21/2023 10:30 AM,region,Caguas,250514,2890,247624,1.15,98.85
07/21/2023 02:33 PM,07/21/2023 10:30 AM,region,Mayaguez,216605,148,216457,0.07,99.93
07/21/2023 02:33 PM,07/21/2023 10:30 AM,region,Ponce,212508,974,211534,0.46,99.54
07/21/2023 02:33 PM,07/21/2023 10:30 AM,region,San Juan,253068,56,253012,0.02,99.98
07/21/2023 02:39 PM,07/21/2023 10:35 AM,totals,,1468223,5194,1463029,0.35,99.65
07/21/2023 02:39 PM,07/21/2023 10:35 AM,region,Arecibo,177369,856,176513,0.48,99.52
07/21/2023 02:39 PM,07/21/2023 10:35 AM,region,Bayamon,216496,264,216232,0.12,99.88
07/21/2023 02:39 PM,07/21/2023 10:35 AM,region,Carolina,141663,4,141659,0.0,100.0
07/21/2023 02:39 PM,07/21/2023 10:35 AM,region,Caguas,250514,2892,247622,1.15,98.85
07/21/2023 02:39 PM,07/21/2023 10:35 AM,region,Mayaguez,216605,150,216455,0.07,99.93
07/21/2023 02:39 PM,07/21/2023 10:35 AM,region,Ponce,212508,973,211535,0.46,99.54
07/21/2023 02:39 PM,07/21/2023 10:35 AM,region,San Juan,253068,55,253013,0.02,99.98
07/21/2023 02:44 PM,07/21/2023 10:40 AM,totals,,1468223,6312,1461911,0.43,99.57
07/21/2023 02:44 PM,07/21/2023 10:40 AM,region,Arecibo,177369,854,176515,0.48,99.52
07/21/2023 02:44 PM,07/21/2023 10:40 AM,region,Bayamon,216496,886,215610,0.41,99.59
07/21/2023 02:44 PM,07/21/2023 10:40 AM,region,Carolina,141663,4,141659,0.0,100.0
07/21/2023 02:44 PM,07/21/2023 10:40 AM,region,Caguas,250514,2869,247645,1.15,98.85
07/21/2023 02:44 PM,07/21/2023 10:40 AM,region,Mayaguez,216605,149,216456,0.07,99.93
07/21/2023 02:44 PM,07/21/2023 10:40 AM,region,Ponce,212508,1495,211013,0.7,99.3
07/21/2023 02:44 PM,07/21/2023 10:40 AM,region,San Juan,253068,55,253013,0.02,99.98
07/21/2023 02:50 PM,07/21/2023 10:50 AM,totals,,1468223,4936,1463287,0.34,99.66
07/21/2023 02:50 PM,07/21/2023 10:50 AM,region,Arecibo,177369,856,176513,0.48,99.52
07/21/2023 02:50 PM,07/21/2023 10:50 AM,region,Bayamon,216496,275,216221,0.13,99.87
07/21/2023 02:50 PM,07/21/2023 10:50 AM,region,Carolina,141663,4,141659,0.0,100.0
07/21/2023 02:50 PM,07/21/2023 10:50 AM,region,Caguas,250514,2622,247892,1.05,98.95
07/21/2023 02:50 PM,07/21/2023 10:50 AM,region,Mayaguez,216605,148,216457,0.07,99.93
07/21/2023 02:50 PM,07/21/2023 10:50 AM,region,Ponce,212508,976,211532,0.46,99.54
07/21/2023 02:50 PM,07/21/2023 10:50 AM,region,San Juan,253068,55,253013,0.02,99.98
07/21/2023 02:56 PM,07/21/2023 10:55 AM,totals,,1468223,4174,1464049,0.28,99.72
07/21/2023 02:56 PM,07/21/2023 10:55 AM,region,Arecibo,177369,856,176513,0.48,99.52
07/21/2023 02:56 PM,07/21/2023 10:55 AM,region,Bayamon,216496,270,216226,0.12,99.88
07/21/2023 02:56 PM,07/21/2023 10:55 AM,region,Carolina,141663,4,141659,0.0,100.0
07/21/2023 02:56 PM,07/21/2023 10:55 AM,region,Caguas,250514,1889,248625,0.75,99.25
07/21/2023 02:56 PM,07/21/2023 10:55 AM,region,Mayaguez,216605,149,216456,0.07,99.93
07/21/2023 02:56 PM,07/21/2023 10:55 AM,region,Ponce,212508,974,211534,0.46,99.54
07/21/2023 02:56 PM,07/21/2023 10:55 AM,region,San Juan,253068,32,253036,0.01,99.99
07/21/2023 03:03 PM,07/21/2023 11:00 AM,totals,,1468223,4229,1463994,0.29,99.71
07/21/2023 03:03 PM,07/21/2023 11:00 AM,region,Arecibo,177369,830,176539,0.47,99.53
07/21/2023 03:03 PM,07/21/2023 11:00 AM,region,Bayamon,216496,271,216225,0.13,99.87
07/21/2023 03:03 PM,07/21/2023 11:00 AM,region,Carolina,141663,3,141660,0.0,100.0
07/21/2023 03:03 PM,07/21/2023 11:00 AM,region,Caguas,250514,1936,248578,0.77,99.23
07/21/2023 03:03 PM,07/21/2023 11:00 AM,region,Mayaguez,216605,111,216494,0.05,99.95
07/21/2023 03:03 PM,07/21/2023 11:00 AM,region,Ponce,212508,1046,211462,0.49,99.51
07/21/2023 03:03 PM,07/21/2023 11:00 AM,region,San Juan,253068,32,253036,0.01,99.99
07/21/2023 03:11 PM,07/21/2023 11:10 AM,totals,,1468223,4412,1463811,0.3,99.7
07/21/2023 03:11 PM,07/21/2023 11:10 AM,region,Arecibo,177369,831,176538,0.47,99.53
07/21/2023 03:11 PM,07/21/2023 11:10 AM,region,Bayamon,216496,278,216218,0.13,99.87
07/21/2023 03:11 PM,07/21/2023 11:10 AM,region,Carolina,141663,3,141660,0.0,100.0
07/21/2023 03:11 PM,07/21/2023 11:10 AM,region,Caguas,250514,2021,248493,0.81,99.19
07/21/2023 03:11 PM,07/21/2023 11:10 AM,region,Mayaguez,216605,201,216404,0.09,99.91
07/21/2023 03:11 PM,07/21/2023 11:10 AM,region,Ponce,212508,1047,211461,0.49,99.51
07/21/2023 03:11 PM,07/21/2023 11:10 AM,region,San Juan,253068,31,253037,0.01,99.99
07/21/2023 03:19 PM,07/21/2023 11:15 AM,totals,,1468223,4931,1463292,0.34,99.66
07/21/2023 03:19 PM,07/21/2023 11:15 AM,region,Arecibo,177369,831,176538,0.47,99.53
07/21/2023 03:19 PM,07/21/2023 11:15 AM,region,Bayamon,216496,278,216218,0.13,99.87
07/21/2023 03:19 PM,07/21/2023 11:15 AM,region,Carolina,141663,3,141660,0.0,100.0
07/21/2023 03:19 PM,07/21/2023 11:15 AM,region,Caguas,250514,2020,248494,0.81,99.19
07/21/2023 03:19 PM,07/21/2023 11:15 AM,region,Mayaguez,216605,201,216404,0.09,99.91
07/21/2023 03:19 PM,07/21/2023 11:15 AM,region,Ponce,212508,1567,210941,0.74,99.26
07/21/2023 03:19 PM,07/21/2023 11:15 AM,region,San Juan,253068,31,253037,0.01,99.99
07/21/2023 03:26 PM,07/21/2023 11:25 AM,totals,,1468223,4831,1463392,0.33,99.67
07/21/2023 03:26 PM,07/21/2023 11:25 AM,region,Arecibo,177369,814,176555,0.46,99.54
07/21/2023 03:26 PM,07/21/2023 11:25 AM,region,Bayamon,216496,278,216218,0.13,99.87
07/21/2023 03:26 PM,07/21/2023 11:25 AM,region,Carolina,141663,3,141660,0.0,100.0
07/21/2023 03:26 PM,07/21/2023 11:25 AM,region,Caguas,250514,2016,248498,0.8,99.2
07/21/2023 03:26 PM,07/21/2023 11:25 AM,region,Mayaguez,216605,110,216495,0.05,99.95
07/21/2023 03:26 PM,07/21/2023 11:25 AM,region,Ponce,212508,1579,210929,0.74,99.26
07/21/2023 03:26 PM,07/21/2023 11:25 AM,region,San Juan,253068,31,253037,0.01,99.99
07/21/2023 03:31 PM,07/21/2023 11:30 AM,totals,,1468223,4456,1463767,0.3,99.7
07/21/2023 03:31 PM,07/21/2023 11:30 AM,region,Arecibo,177369,814,176555,0.46,99.54
07/21/2023 03:31 PM,07/21/2023 11:30 AM,region,Bayamon,216496,278,216218,0.13,99.87
07/21/2023 03:31 PM,07/21/2023 11:30 AM,region,Carolina,141663,3,141660,0.0,100.0
07/21/2023 03:31 PM,07/21/2023 11:30 AM,region,Caguas,250514,2016,248498,0.8,99.2
07/21/2023 03:31 PM,07/21/2023 11:30 AM,region,Mayaguez,216605,110,216495,0.05,99.95
07/21/2023 03:31 PM,07/21/2023 11:30 AM,region,Ponce,212508,1204,211304,0.57,99.43
07/21/2023 03:31 PM,07/21/2023 11:30 AM,region,San Juan,253068,31,253037,0.01,99.99
07/21/2023 03:37 PM,07/21/2023 11:35 AM,totals,,1468223,4558,1463665,0.31,99.69
07/21/2023 03:37 PM,07/21/2023 11:35 AM,region,Arecibo,177369,814,176555,0.46,99.54
07/21/2023 03:37 PM,07/21/2023 11:35 AM,region,Bayamon,216496,278,216218,0.13,99.87
07/21/2023 03:37 PM,07/21/2023 11:35 AM,region,Carolina,141663,3,141660,0.0,100.0
07/21/2023 03:37 PM,07/21/2023 11:35 AM,region,Caguas,250514,2100,248414,0.84,99.16
07/21/2023 03:37 PM,07/21/2023 11:35 AM,region,Mayaguez,216605,112,216493,0.05,99.95
07/21/2023 03:37 PM,07/21/2023 11:35 AM,region,Ponce,212508,1202,211306,0.57,99.43
07/21/2023 03:37 PM,07/21/2023 11:35 AM,region,San Juan,253068,49,253019,0.02,99.98
07/21/2023 03:43 PM,07/21/2023 11:40 AM,totals,,1468223,5111,1463112,0.35,99.65
07/21/2023 03:43 PM,07/21/2023 11:40 AM,region,Arecibo,177369,814,176555,0.46,99.54
07/21/2023 03:43 PM,07/21/2023 11:40 AM,region,Bayamon,216496,278,216218,0.13,99.87
07/21/2023 03:43 PM,07/21/2023 11:40 AM,region,Carolina,141663,4,141659,0.0,100.0
07/21/2023 03:43 PM,07/21/2023 11:40 AM,region,Caguas,250514,2637,247877,1.05,98.95
07/21/2023 03:43 PM,07/21/2023 11:40 AM,region,Mayaguez,216605,114,216491,0.05,99.95
07/21/2023 03:43 PM,07/21/2023 11:40 AM,region,Ponce,212508,1214,211294,0.57,99.43
07/21/2023 03:43 PM,07/21/2023 11:40 AM,region,San Juan,253068,50,253018,0.02,99.98
07/21/2023 03:49 PM,07/21/2023 11:45 AM,totals,,1468223,5115,1463108,0.35,99.65
07/21/2023 03:49 PM,07/21/2023 11:45 AM,region,Arecibo,177369,814,176555,0.46,99.54
07/21/2023 03:49 PM,07/21/2023 11:45 AM,region,Bayamon,216496,278,216218,0.13,99.87
07/21/2023 03:49 PM,07/21/2023 11:45 AM,region,Carolina,141663,4,141659,0.0,100.0
07/21/2023 03:49 PM,07/21/2023 11:45 AM,region,Caguas,250514,2638,247876,1.05,98.95
07/21/2023 03:49 PM,07/21/2023 11:45 AM,region,Mayaguez,216605,117,216488,0.05,99.95
07/21/2023 03:49 PM,07/21/2023 11:45 AM,region,Ponce,212508,1214,211294,0.57,99.43
07/21/2023 03:49 PM,07/21/2023 11:45 AM,region,San Juan,253068,50,253018,0.02,99.98
07/21/2023 03:55 PM,07/21/2023 11:55 AM,totals,,1468223,8610,1459613,0.59,99.41
07/21/2023 03:55 PM,07/21/2023 11:55 AM,region,Arecibo,177369,814,176555,0.46,99.54
07/21/2023 03:55 PM,07/21/2023 11:55 AM,region,Bayamon,216496,3573,212923,1.65,98.35
07/21/2023 03:55 PM,07/21/2023 11:55 AM,region,Carolina,141663,3,141660,0.0,100.0
07/21/2023 03:55 PM,07/21/2023 11:55 AM,region,Caguas,250514,2813,247701,1.12,98.88
07/21/2023 03:55 PM,07/21/2023 11:55 AM,region,Mayaguez,216605,124,216481,0.06,99.94
07/21/2023 03:55 PM,07/21/2023 11:55 AM,region,Ponce,212508,1215,211293,0.57,99.43
07/21/2023 03:55 PM,07/21/2023 11:55 AM,region,San Juan,253068,68,253000,0.03,99.97
07/21/2023 04:01 PM,07/21/2023 12:00 PM,totals,,1468223,5316,1462907,0.36,99.64
07/21/2023 04:01 PM,07/21/2023 12:00 PM,region,Arecibo,177369,814,176555,0.46,99.54
07/21/2023 04:01 PM,07/21/2023 12:00 PM,region,Bayamon,216496,278,216218,0.13,99.87
07/21/2023 04:01 PM,07/21/2023 12:00 PM,region,Carolina,141663,3,141660,0.0,100.0
07/21/2023 04:01 PM,07/21/2023 12:00 PM,region,Caguas,250514,2813,247701,1.12,98.88
07/21/2023 04:01 PM,07/21/2023 12:00 PM,region,Mayaguez,216605,124,216481,0.06,99.94
07/21/2023 04:01 PM,07/21/2023 12:00 PM,region,Ponce,212508,1216,211292,0.57,99.43
07/21/2023 04:01 PM,07/21/2023 12:00 PM,region,San Juan,253068,68,253000,0.03,99.97
07/21/2023 04:09 PM,07/21/2023 12:05 PM,totals,,1468223,5334,1462889,0.36,99.64
07/21/2023 04:09 PM,07/21/2023 12:05 PM,region,Arecibo,177369,814,176555,0.46,99.54
07/21/2023 04:09 PM,07/21/2023 12:05 PM,region,Bayamon,216496,279,216217,0.13,99.87
07/21/2023 04:09 PM,07/21/2023 12:05 PM,region,Carolina,141663,18,141645,0.01,99.99
07/21/2023 04:09 PM,07/21/2023 12:05 PM,region,Caguas,250514,2815,247699,1.12,98.88
07/21/2023 04:09 PM,07/21/2023 12:05 PM,region,Mayaguez,216605,124,216481,0.06,99.94
07/21/2023 04:09 PM,07/21/2023 12:05 PM,region,Ponce,212508,1216,211292,0.57,99.43
07/21/2023 04:09 PM,07/21/2023 12:05 PM,region,San Juan,253068,68,253000,0.03,99.97
07/21/2023 04:19 PM,07/21/2023 12:15 PM,totals,,1468223,4095,1464128,0.28,99.72
07/21/2023 04:19 PM,07/21/2023 12:15 PM,region,Arecibo,177369,361,177008,0.2,99.8
07/21/2023 04:19 PM,07/21/2023 12:15 PM,region,Bayamon,216496,219,216277,0.1,99.9
07/21/2023 04:19 PM,07/21/2023 12:15 PM,region,Carolina,141663,18,141645,0.01,99.99
07/21/2023 04:19 PM,07/21/2023 12:15 PM,region,Caguas,250514,2076,248438,0.83,99.17
07/21/2023 04:19 PM,07/21/2023 12:15 PM,region,Mayaguez,216605,130,216475,0.06,99.94
07/21/2023 04:19 PM,07/21/2023 12:15 PM,region,Ponce,212508,1216,211292,0.57,99.43
07/21/2023 04:19 PM,07/21/2023 12:15 PM,region,San Juan,253068,75,252993,0.03,99.97
07/21/2023 04:29 PM,07/21/2023 12:25 PM,totals,,1468223,7058,1461165,0.48,99.52
07/21/2023 04:29 PM,07/21/2023 12:25 PM,region,Arecibo,177369,364,177005,0.21,99.79
07/21/2023 04:29 PM,07/21/2023 12:25 PM,region,Bayamon,216496,226,216270,0.1,99.9
07/21/2023 04:29 PM,07/21/2023 12:25 PM,region,Carolina,141663,2,141661,0.0,100.0
07/21/2023 04:29 PM,07/21/2023 12:25 PM,region,Caguas,250514,5077,245437,2.03,97.97
07/21/2023 04:29 PM,07/21/2023 12:25 PM,region,Mayaguez,216605,129,216476,0.06,99.94
07/21/2023 04:29 PM,07/21/2023 12:25 PM,region,Ponce,212508,1217,211291,0.57,99.43
07/21/2023 04:29 PM,07/21/2023 12:25 PM,region,San Juan,253068,43,253025,0.02,99.98
07/21/2023 04:36 PM,07/21/2023 12:35 PM,totals,,1468223,9682,1458541,0.66,99.34
07/21/2023 04:36 PM,07/21/2023 12:35 PM,region,Arecibo,177369,366,177003,0.21,99.79
07/21/2023 04:36 PM,07/21/2023 12:35 PM,region,Bayamon,216496,228,216268,0.11,99.89
07/21/2023 04:36 PM,07/21/2023 12:35 PM,region,Carolina,141663,1,141662,0.0,100.0
07/21/2023 04:36 PM,07/21/2023 12:35 PM,region,Caguas,250514,5735,244779,2.29,97.71
07/21/2023 04:36 PM,07/21/2023 12:35 PM,region,Mayaguez,216605,128,216477,0.06,99.94
07/21/2023 04:36 PM,07/21/2023 12:35 PM,region,Ponce,212508,3180,209328,1.5,98.5
07/21/2023 04:36 PM,07/21/2023 12:35 PM,region,San Juan,253068,44,253024,0.02,99.98
07/21/2023 04:42 PM,07/21/2023 12:40 PM,totals,,1468223,9634,1458589,0.66,99.34
07/21/2023 04:42 PM,07/21/2023 12:40 PM,region,Arecibo,177369,235,177134,0.13,99.87
07/21/2023 04:42 PM,07/21/2023 12:40 PM,region,Bayamon,216496,371,216125,0.17,99.83
07/21/2023 04:42 PM,07/21/2023 12:40 PM,region,Carolina,141663,1,141662,0.0,100.0
07/21/2023 04:42 PM,07/21/2023 12:40 PM,region,Caguas,250514,5678,244836,2.27,97.73
07/21/2023 04:42 PM,07/21/2023 12:40 PM,region,Mayaguez,216605,128,216477,0.06,99.94
07/21/2023 04:42 PM,07/21/2023 12:40 PM,region,Ponce,212508,3179,209329,1.5,98.5
07/21/2023 04:42 PM,07/21/2023 12:40 PM,region,San Juan,253068,42,253026,0.02,99.98
07/21/2023 04:49 PM,07/21/2023 12:45 PM,totals,,1468223,7808,1460415,0.53,99.47
07/21/2023 04:49 PM,07/21/2023 12:45 PM,region,Arecibo,177369,235,177134,0.13,99.87
07/21/2023 04:49 PM,07/21/2023 12:45 PM,region,Bayamon,216496,386,216110,0.18,99.82
07/21/2023 04:49 PM,07/21/2023 12:45 PM,region,Carolina,141663,0,141663,0.0,100.0
07/21/2023 04:49 PM,07/21/2023 12:45 PM,region,Caguas,250514,5816,244698,2.32,97.68
07/21/2023 04:49 PM,07/21/2023 12:45 PM,region,Mayaguez,216605,129,216476,0.06,99.94
07/21/2023 04:49 PM,07/21/2023 12:45 PM,region,Ponce,212508,1200,211308,0.56,99.44
07/21/2023 04:49 PM,07/21/2023 12:45 PM,region,San Juan,253068,42,253026,0.02,99.98
07/21/2023 04:55 PM,07/21/2023 12:55 PM,totals,,1468223,4966,1463257,0.34,99.66
07/21/2023 04:55 PM,07/21/2023 12:55 PM,region,Arecibo,177369,234,177135,0.13,99.87
07/21/2023 04:55 PM,07/21/2023 12:55 PM,region,Bayamon,216496,387,216109,0.18,99.82
07/21/2023 04:55 PM,07/21/2023 12:55 PM,region,Carolina,141663,0,141663,0.0,100.0
07/21/2023 04:55 PM,07/21/2023 12:55 PM,region,Caguas,250514,2975,247539,1.19,98.81
07/21/2023 04:55 PM,07/21/2023 12:55 PM,region,Mayaguez,216605,129,216476,0.06,99.94
07/21/2023 04:55 PM,07/21/2023 12:55 PM,region,Ponce,212508,1199,211309,0.56,99.44
07/21/2023 04:55 PM,07/21/2023 12:55 PM,region,San Juan,253068,42,253026,0.02,99.98
07/21/2023 05:01 PM,07/21/2023 01:00 PM,totals,,1468223,4977,1463246,0.34,99.66
07/21/2023 05:01 PM,07/21/2023 01:00 PM,region,Arecibo,177369,235,177134,0.13,99.87
07/21/2023 05:01 PM,07/21/2023 01:00 PM,region,Bayamon,216496,398,216098,0.18,99.82
07/21/2023 05:01 PM,07/21/2023 01:00 PM,region,Carolina,141663,0,141663,0.0,100.0
07/21/2023 05:01 PM,07/21/2023 01:00 PM,region,Caguas,250514,2973,247541,1.19,98.81
07/21/2023 05:01 PM,07/21/2023 01:00 PM,region,Mayaguez,216605,130,216475,0.06,99.94
07/21/2023 05:01 PM,07/21/2023 01:00 PM,region,Ponce,212508,1199,211309,0.56,99.44
07/21/2023 05:01 PM,07/21/2023 01:00 PM,region,San Juan,253068,42,253026,0.02,99.98
07/21/2023 05:09 PM,07/21/2023 01:05 PM,totals,,1468223,6971,1461252,0.47,99.53
07/21/2023 05:09 PM,07/21/2023 01:05 PM,region,Arecibo,177369,249,177120,0.14,99.86
07/21/2023 05:09 PM,07/21/2023 01:05 PM,region,Bayamon,216496,397,216099,0.18,99.82
07/21/2023 05:09 PM,07/21/2023 01:05 PM,region,Carolina,141663,0,141663,0.0,100.0
07/21/2023 05:09 PM,07/21/2023 01:05 PM,region,Caguas,250514,2974,247540,1.19,98.81
07/21/2023 05:09 PM,07/21/2023 01:05 PM,region,Mayaguez,216605,130,216475,0.06,99.94
07/21/2023 05:09 PM,07/21/2023 01:05 PM,region,Ponce,212508,3179,209329,1.5,98.5
07/21/2023 05:09 PM,07/21/2023 01:05 PM,region,San Juan,253068,42,253026,0.02,99.98
07/21/2023 05:17 PM,07/21/2023 01:15 PM,totals,,1468223,5445,1462778,0.37,99.63
07/21/2023 05:17 PM,07/21/2023 01:15 PM,region,Arecibo,177369,248,177121,0.14,99.86
07/21/2023 05:17 PM,07/21/2023 01:15 PM,region,Bayamon,216496,396,216100,0.18,99.82
07/21/2023 05:17 PM,07/21/2023 01:15 PM,region,Carolina,141663,0,141663,0.0,100.0
07/21/2023 05:17 PM,07/21/2023 01:15 PM,region,Caguas,250514,3352,247162,1.34,98.66
07/21/2023 05:17 PM,07/21/2023 01:15 PM,region,Mayaguez,216605,132,216473,0.06,99.94
07/21/2023 05:17 PM,07/21/2023 01:15 PM,region,Ponce,212508,1201,211307,0.57,99.43
07/21/2023 05:17 PM,07/21/2023 01:15 PM,region,San Juan,253068,116,252952,0.05,99.95
07/21/2023 05:24 PM,07/21/2023 01:20 PM,totals,,1468223,8735,1459488,0.59,99.41
07/21/2023 05:24 PM,07/21/2023 01:20 PM,region,Arecibo,177369,250,177119,0.14,99.86
07/21/2023 05:24 PM,07/21/2023 01:20 PM,region,Bayamon,216496,3682,212814,1.7,98.3
07/21/2023 05:24 PM,07/21/2023 01:20 PM,region,Carolina,141663,0,141663,0.0,100.0
07/21/2023 05:24 PM,07/21/2023 01:20 PM,region,Caguas,250514,3354,247160,1.34,98.66
07/21/2023 05:24 PM,07/21/2023 01:20 PM,region,Mayaguez,216605,132,216473,0.06,99.94
07/21/2023 05:24 PM,07/21/2023 01:20 PM,region,Ponce,212508,1201,211307,0.57,99.43
07/21/2023 05:24 PM,07/21/2023 01:20 PM,region,San Juan,253068,116,252952,0.05,99.95
07/21/2023 05:31 PM,07/21/2023 01:30 PM,totals,,1468223,9070,1459153,0.62,99.38
07/21/2023 05:31 PM,07/21/2023 01:30 PM,region,Arecibo,177369,250,177119,0.14,99.86
07/21/2023 05:31 PM,07/21/2023 01:30 PM,region,Bayamon,216496,389,216107,0.18,99.82
07/21/2023 05:31 PM,07/21/2023 01:30 PM,region,Carolina,141663,1,141662,0.0,100.0
07/21/2023 05:31 PM,07/21/2023 01:30 PM,region,Caguas,250514,5000,245514,2.0,98.0
07/21/2023 05:31 PM,07/21/2023 01:30 PM,region,Mayaguez,216605,132,216473,0.06,99.94
07/21/2023 05:31 PM,07/21/2023 01:30 PM,region,Ponce,212508,3182,209326,1.5,98.5
07/21/2023 05:31 PM,07/21/2023 01:30 PM,region,San Juan,253068,116,252952,0.05,99.95
07/21/2023 05:36 PM,07/21/2023 01:35 PM,totals,,1468223,5460,1462763,0.37,99.63
07/21/2023 05:36 PM,07/21/2023 01:35 PM,region,Arecibo,177369,248,177121,0.14,99.86
07/21/2023 05:36 PM,07/21/2023 01:35 PM,region,Bayamon,216496,389,216107,0.18,99.82
07/21/2023 05:36 PM,07/21/2023 01:35 PM,region,Carolina,141663,1,141662,0.0,100.0
07/21/2023 05:36 PM,07/21/2023 01:35 PM,region,Caguas,250514,3370,247144,1.35,98.65
07/21/2023 05:36 PM,07/21/2023 01:35 PM,region,Mayaguez,216605,132,216473,0.06,99.94
07/21/2023 05:36 PM,07/21/2023 01:35 PM,region,Ponce,212508,1204,211304,0.57,99.43
07/21/2023 05:36 PM,07/21/2023 01:35 PM,region,San Juan,253068,116,252952,0.05,99.95
07/21/2023 05:43 PM,07/21/2023 01:40 PM,totals,,1468223,5595,1462628,0.38,99.62
07/21/2023 05:43 PM,07/21/2023 01:40 PM,region,Arecibo,177369,248,177121,0.14,99.86
07/21/2023 05:43 PM,07/21/2023 01:40 PM,region,Bayamon,216496,389,216107,0.18,99.82
07/21/2023 05:43 PM,07/21/2023 01:40 PM,region,Carolina,141663,17,141646,0.01,99.99
07/21/2023 05:43 PM,07/21/2023 01:40 PM,region,Caguas,250514,3489,247025,1.39,98.61
07/21/2023 05:43 PM,07/21/2023 01:40 PM,region,Mayaguez,216605,132,216473,0.06,99.94
07/21/2023 05:43 PM,07/21/2023 01:40 PM,region,Ponce,212508,1204,211304,0.57,99.43
07/21/2023 05:43 PM,07/21/2023 01:40 PM,region,San Juan,253068,116,252952,0.05,99.95
07/21/2023 05:48 PM,07/21/2023 01:45 PM,totals,,1468223,5569,1462654,0.38,99.62
07/21/2023 05:48 PM,07/21/2023 01:45 PM,region,Arecibo,177369,248,177121,0.14,99.86
07/21/2023 05:48 PM,07/21/2023 01:45 PM,region,Bayamon,216496,389,216107,0.18,99.82
07/21/2023 05:48 PM,07/21/2023 01:45 PM,region,Carolina,141663,17,141646,0.01,99.99
07/21/2023 05:48 PM,07/21/2023 01:45 PM,region,Caguas,250514,3490,247024,1.39,98.61
07/21/2023 05:48 PM,07/21/2023 01:45 PM,region,Mayaguez,216605,103,216502,0.05,99.95
07/21/2023 05:48 PM,07/21/2023 01:45 PM,region,Ponce,212508,1205,211303,0.57,99.43
07/21/2023 05:48 PM,07/21/2023 01:45 PM,region,San Juan,253068,117,252951,0.05,99.95
07/21/2023 05:55 PM,07/21/2023 01:55 PM,totals,,1468223,5579,1462644,0.38,99.62
07/21/2023 05:55 PM,07/21/2023 01:55 PM,region,Arecibo,177369,247,177122,0.14,99.86
07/21/2023 05:55 PM,07/21/2023 01:55 PM,region,Bayamon,216496,390,216106,0.18,99.82
07/21/2023 05:55 PM,07/21/2023 01:55 PM,region,Carolina,141663,5,141658,0.0,100.0
07/21/2023 05:55 PM,07/21/2023 01:55 PM,region,Caguas,250514,3516,246998,1.4,98.6
07/21/2023 05:55 PM,07/21/2023 01:55 PM,region,Mayaguez,216605,97,216508,0.04,99.96
07/21/2023 05:55 PM,07/21/2023 01:55 PM,region,Ponce,212508,1206,211302,0.57,99.43
07/21/2023 05:55 PM,07/21/2023 01:55 PM,region,San Juan,253068,118,252950,0.05,99.95
07/21/2023 06:01 PM,07/21/2023 02:00 PM,totals,,1468223,5581,1462642,0.38,99.62
07/21/2023 06:01 PM,07/21/2023 02:00 PM,region,Arecibo,177369,246,177123,0.14,99.86
07/21/2023 06:01 PM,07/21/2023 02:00 PM,region,Bayamon,216496,392,216104,0.18,99.82
07/21/2023 06:01 PM,07/21/2023 02:00 PM,region,Carolina,141663,5,141658,0.0,100.0
07/21/2023 06:01 PM,07/21/2023 02:00 PM,region,Caguas,250514,3517,246997,1.4,98.6
07/21/2023 06:01 PM,07/21/2023 02:00 PM,region,Mayaguez,216605,97,216508,0.04,99.96
07/21/2023 06:01 PM,07/21/2023 02:00 PM,region,Ponce,212508,1205,211303,0.57,99.43
07/21/2023 06:01 PM,07/21/2023 02:00 PM,region,San Juan,253068,119,252949,0.05,99.95
07/21/2023 06:10 PM,07/21/2023 02:10 PM,totals,,1468223,5420,1462803,0.37,99.63
07/21/2023 06:10 PM,07/21/2023 02:10 PM,region,Arecibo,177369,287,177082,0.16,99.84
07/21/2023 06:10 PM,07/21/2023 02:10 PM,region,Bayamon,216496,384,216112,0.18,99.82
07/21/2023 06:10 PM,07/21/2023 02:10 PM,region,Carolina,141663,5,141658,0.0,100.0
07/21/2023 06:10 PM,07/21/2023 02:10 PM,region,Caguas,250514,3327,247187,1.33,98.67
07/21/2023 06:10 PM,07/21/2023 02:10 PM,region,Mayaguez,216605,97,216508,0.04,99.96
07/21/2023 06:10 PM,07/21/2023 02:10 PM,region,Ponce,212508,1202,211306,0.57,99.43
07/21/2023 06:10 PM,07/21/2023 02:10 PM,region,San Juan,253068,118,252950,0.05,99.95
07/21/2023 06:20 PM,07/21/2023 02:20 PM,totals,,1468223,4169,1464054,0.28,99.72
07/21/2023 06:20 PM,07/21/2023 02:20 PM,region,Arecibo,177369,288,177081,0.16,99.84
07/21/2023 06:20 PM,07/21/2023 02:20 PM,region,Bayamon,216496,388,216108,0.18,99.82
07/21/2023 06:20 PM,07/21/2023 02:20 PM,region,Carolina,141663,5,141658,0.0,100.0
07/21/2023 06:20 PM,07/21/2023 02:20 PM,region,Caguas,250514,2072,248442,0.83,99.17
07/21/2023 06:20 PM,07/21/2023 02:20 PM,region,Mayaguez,216605,97,216508,0.04,99.96
07/21/2023 06:20 PM,07/21/2023 02:20 PM,region,Ponce,212508,1201,211307,0.57,99.43
07/21/2023 06:20 PM,07/21/2023 02:20 PM,region,San Juan,253068,118,252950,0.05,99.95
07/21/2023 06:28 PM,07/21/2023 02:25 PM,totals,,1468223,4142,1464081,0.28,99.72
07/21/2023 06:28 PM,07/21/2023 02:25 PM,region,Arecibo,177369,287,177082,0.16,99.84
07/21/2023 06:28 PM,07/21/2023 02:25 PM,region,Bayamon,216496,405,216091,0.19,99.81
07/21/2023 06:28 PM,07/21/2023 02:25 PM,region,Carolina,141663,5,141658,0.0,100.0
07/21/2023 06:28 PM,07/21/2023 02:25 PM,region,Caguas,250514,2043,248471,0.82,99.18
07/21/2023 06:28 PM,07/21/2023 02:25 PM,region,Mayaguez,216605,99,216506,0.05,99.95
07/21/2023 06:28 PM,07/21/2023 02:25 PM,region,Ponce,212508,1203,211305,0.57,99.43
07/21/2023 06:28 PM,07/21/2023 02:25 PM,region,San Juan,253068,100,252968,0.04,99.96
07/21/2023 06:34 PM,07/21/2023 02:30 PM,totals,,1468223,6123,1462100,0.42,99.58
07/21/2023 06:34 PM,07/21/2023 02:30 PM,region,Arecibo,177369,289,177080,0.16,99.84
07/21/2023 06:34 PM,07/21/2023 02:30 PM,region,Bayamon,216496,405,216091,0.19,99.81
07/21/2023 06:34 PM,07/21/2023 02:30 PM,region,Carolina,141663,5,141658,0.0,100.0
07/21/2023 06:34 PM,07/21/2023 02:30 PM,region,Caguas,250514,2043,248471,0.82,99.18
07/21/2023 06:34 PM,07/21/2023 02:30 PM,region,Mayaguez,216605,99,216506,0.05,99.95
07/21/2023 06:34 PM,07/21/2023 02:30 PM,region,Ponce,212508,3182,209326,1.5,98.5
07/21/2023 06:34 PM,07/21/2023 02:30 PM,region,San Juan,253068,100,252968,0.04,99.96
07/21/2023 06:40 PM,07/21/2023 02:40 PM,totals,,1468223,12396,1455827,0.84,99.16
07/21/2023 06:40 PM,07/21/2023 02:40 PM,region,Arecibo,177369,372,176997,0.21,99.79
07/21/2023 06:40 PM,07/21/2023 02:40 PM,region,Bayamon,216496,6595,209901,3.05,96.95
07/21/2023 06:40 PM,07/21/2023 02:40 PM,region,Carolina,141663,5,141658,0.0,100.0
07/21/2023 06:40 PM,07/21/2023 02:40 PM,region,Caguas,250514,2043,248471,0.82,99.18
07/21/2023 06:40 PM,07/21/2023 02:40 PM,region,Mayaguez,216605,99,216506,0.05,99.95
07/21/2023 06:40 PM,07/21/2023 02:40 PM,region,Ponce,212508,3183,209325,1.5,98.5
07/21/2023 06:40 PM,07/21/2023 02:40 PM,region,San Juan,253068,99,252969,0.04,99.96
07/21/2023 06:46 PM,07/21/2023 02:45 PM,totals,,1468223,12409,1455814,0.85,99.15
07/21/2023 06:46 PM,07/21/2023 02:45 PM,region,Arecibo,177369,381,176988,0.21,99.79
07/21/2023 06:46 PM,07/21/2023 02:45 PM,region,Bayamon,216496,6595,209901,3.05,96.95
07/21/2023 06:46 PM,07/21/2023 02:45 PM,region,Carolina,141663,6,141657,0.0,100.0
07/21/2023 06:46 PM,07/21/2023 02:45 PM,region,Caguas,250514,2044,248470,0.82,99.18
07/21/2023 06:46 PM,07/21/2023 02:45 PM,region,Mayaguez,216605,99,216506,0.05,99.95
07/21/2023 06:46 PM,07/21/2023 02:45 PM,region,Ponce,212508,3184,209324,1.5,98.5
07/21/2023 06:46 PM,07/21/2023 02:45 PM,region,San Juan,253068,100,252968,0.04,99.96
07/21/2023 06:52 PM,07/21/2023 02:50 PM,totals,,1468223,7893,1460330,0.54,99.46
07/21/2023 06:52 PM,07/21/2023 02:50 PM,region,Arecibo,177369,691,176678,0.39,99.61
07/21/2023 06:52 PM,07/21/2023 02:50 PM,region,Bayamon,216496,1699,214797,0.78,99.22
07/21/2023 06:52 PM,07/21/2023 02:50 PM,region,Carolina,141663,6,141657,0.0,100.0
07/21/2023 06:52 PM,07/21/2023 02:50 PM,region,Caguas,250514,2136,248378,0.85,99.15
07/21/2023 06:52 PM,07/21/2023 02:50 PM,region,Mayaguez,216605,98,216507,0.05,99.95
07/21/2023 06:52 PM,07/21/2023 02:50 PM,region,Ponce,212508,3184,209324,1.5,98.5
07/21/2023 06:52 PM,07/21/2023 02:50 PM,region,San Juan,253068,79,252989,0.03,99.97
07/21/2023 06:58 PM,07/21/2023 02:55 PM,totals,,1468223,10829,1457394,0.74,99.26
07/21/2023 06:58 PM,07/21/2023 02:55 PM,region,Arecibo,177369,692,176677,0.39,99.61
07/21/2023 06:58 PM,07/21/2023 02:55 PM,region,Bayamon,216496,406,216090,0.19,99.81
07/21/2023 06:58 PM,07/21/2023 02:55 PM,region,Carolina,141663,6,141657,0.0,100.0
07/21/2023 06:58 PM,07/21/2023 02:55 PM,region,Caguas,250514,2138,248376,0.85,99.15
07/21/2023 06:58 PM,07/21/2023 02:55 PM,region,Mayaguez,216605,4333,212272,2.0,98.0
07/21/2023 06:58 PM,07/21/2023 02:55 PM,region,Ponce,212508,3175,209333,1.49,98.51
07/21/2023 06:58 PM,07/21/2023 02:55 PM,region,San Juan,253068,79,252989,0.03,99.97
07/21/2023 07:05 PM,07/21/2023 03:05 PM,totals,,1468223,4375,1463848,0.3,99.7
07/21/2023 07:05 PM,07/21/2023 03:05 PM,region,Arecibo,177369,696,176673,0.39,99.61
07/21/2023 07:05 PM,07/21/2023 03:05 PM,region,Bayamon,216496,384,216112,0.18,99.82
07/21/2023 07:05 PM,07/21/2023 03:05 PM,region,Carolina,141663,6,141657,0.0,100.0
07/21/2023 07:05 PM,07/21/2023 03:05 PM,region,Caguas,250514,1988,248526,0.79,99.21
07/21/2023 07:05 PM,07/21/2023 03:05 PM,region,Mayaguez,216605,27,216578,0.01,99.99
07/21/2023 07:05 PM,07/21/2023 03:05 PM,region,Ponce,212508,1195,211313,0.56,99.44
07/21/2023 07:05 PM,07/21/2023 03:05 PM,region,San Juan,253068,79,252989,0.03,99.97
07/21/2023 07:12 PM,07/21/2023 03:10 PM,totals,,1468223,4379,1463844,0.3,99.7
07/21/2023 07:12 PM,07/21/2023 03:10 PM,region,Arecibo,177369,697,176672,0.39,99.61
07/21/2023 07:12 PM,07/21/2023 03:10 PM,region,Bayamon,216496,384,216112,0.18,99.82
07/21/2023 07:12 PM,07/21/2023 03:10 PM,region,Carolina,141663,6,141657,0.0,100.0
07/21/2023 07:12 PM,07/21/2023 03:10 PM,region,Caguas,250514,1989,248525,0.79,99.21
07/21/2023 07:12 PM,07/21/2023 03:10 PM,region,Mayaguez,216605,27,216578,0.01,99.99
07/21/2023 07:12 PM,07/21/2023 03:10 PM,region,Ponce,212508,1197,211311,0.56,99.44
07/21/2023 07:12 PM,07/21/2023 03:10 PM,region,San Juan,253068,79,252989,0.03,99.97
07/21/2023 07:19 PM,07/21/2023 03:15 PM,totals,,1468223,4220,1464003,0.29,99.71
07/21/2023 07:19 PM,07/21/2023 03:15 PM,region,Arecibo,177369,696,176673,0.39,99.61
07/21/2023 07:19 PM,07/21/2023 03:15 PM,region,Bayamon,216496,383,216113,0.18,99.82
07/21/2023 07:19 PM,07/21/2023 03:15 PM,region,Carolina,141663,6,141657,0.0,100.0
07/21/2023 07:19 PM,07/21/2023 03:15 PM,region,Caguas,250514,1823,248691,0.73,99.27
07/21/2023 07:19 PM,07/21/2023 03:15 PM,region,Mayaguez,216605,27,216578,0.01,99.99
07/21/2023 07:19 PM,07/21/2023 03:15 PM,region,Ponce,212508,1206,211302,0.57,99.43
07/21/2023 07:19 PM,07/21/2023 03:15 PM,region,San Juan,253068,79,252989,0.03,99.97
07/21/2023 07:25 PM,07/21/2023 03:25 PM,totals,,1468223,4881,1463342,0.33,99.67
07/21/2023 07:25 PM,07/21/2023 03:25 PM,region,Arecibo,177369,697,176672,0.39,99.61
07/21/2023 07:25 PM,07/21/2023 03:25 PM,region,Bayamon,216496,1004,215492,0.46,99.54
07/21/2023 07:25 PM,07/21/2023 03:25 PM,region,Carolina,141663,17,141646,0.01,99.99
07/21/2023 07:25 PM,07/21/2023 03:25 PM,region,Caguas,250514,1826,248688,0.73,99.27
07/21/2023 07:25 PM,07/21/2023 03:25 PM,region,Mayaguez,216605,24,216581,0.01,99.99
07/21/2023 07:25 PM,07/21/2023 03:25 PM,region,Ponce,212508,1215,211293,0.57,99.43
07/21/2023 07:25 PM,07/21/2023 03:25 PM,region,San Juan,253068,98,252970,0.04,99.96
07/21/2023 07:31 PM,07/21/2023 03:30 PM,totals,,1468223,4884,1463339,0.33,99.67
07/21/2023 07:31 PM,07/21/2023 03:30 PM,region,Arecibo,177369,697,176672,0.39,99.61
07/21/2023 07:31 PM,07/21/2023 03:30 PM,region,Bayamon,216496,1003,215493,0.46,99.54
07/21/2023 07:31 PM,07/21/2023 03:30 PM,region,Carolina,141663,17,141646,0.01,99.99
07/21/2023 07:31 PM,07/21/2023 03:30 PM,region,Caguas,250514,1827,248687,0.73,99.27
07/21/2023 07:31 PM,07/21/2023 03:30 PM,region,Mayaguez,216605,24,216581,0.01,99.99
07/21/2023 07:31 PM,07/21/2023 03:30 PM,region,Ponce,212508,1218,211290,0.57,99.43
07/21/2023 07:31 PM,07/21/2023 03:30 PM,region,San Juan,253068,98,252970,0.04,99.96
07/21/2023 07:36 PM,07/21/2023 03:35 PM,totals,,1468223,5059,1463164,0.34,99.66
07/21/2023 07:36 PM,07/21/2023 03:35 PM,region,Arecibo,177369,676,176693,0.38,99.62
07/21/2023 07:36 PM,07/21/2023 03:35 PM,region,Bayamon,216496,1003,215493,0.46,99.54
07/21/2023 07:36 PM,07/21/2023 03:35 PM,region,Carolina,141663,17,141646,0.01,99.99
07/21/2023 07:36 PM,07/21/2023 03:35 PM,region,Caguas,250514,2030,248484,0.81,99.19
07/21/2023 07:36 PM,07/21/2023 03:35 PM,region,Mayaguez,216605,25,216580,0.01,99.99
07/21/2023 07:36 PM,07/21/2023 03:35 PM,region,Ponce,212508,1210,211298,0.57,99.43
07/21/2023 07:36 PM,07/21/2023 03:35 PM,region,San Juan,253068,98,252970,0.04,99.96
07/21/2023 07:43 PM,07/21/2023 03:40 PM,totals,,1468223,4861,1463362,0.33,99.67
07/21/2023 07:43 PM,07/21/2023 03:40 PM,region,Arecibo,177369,476,176893,0.27,99.73
07/21/2023 07:43 PM,07/21/2023 03:40 PM,region,Bayamon,216496,1004,215492,0.46,99.54
07/21/2023 07:43 PM,07/21/2023 03:40 PM,region,Carolina,141663,18,141645,0.01,99.99
07/21/2023 07:43 PM,07/21/2023 03:40 PM,region,Caguas,250514,2030,248484,0.81,99.19
07/21/2023 07:43 PM,07/21/2023 03:40 PM,region,Mayaguez,216605,25,216580,0.01,99.99
07/21/2023 07:43 PM,07/21/2023 03:40 PM,region,Ponce,212508,1210,211298,0.57,99.43
07/21/2023 07:43 PM,07/21/2023 03:40 PM,region,San Juan,253068,98,252970,0.04,99.96
07/21/2023 07:49 PM,07/21/2023 03:45 PM,totals,,1468223,4341,1463882,0.3,99.7
07/21/2023 07:49 PM,07/21/2023 03:45 PM,region,Arecibo,177369,476,176893,0.27,99.73
07/21/2023 07:49 PM,07/21/2023 03:45 PM,region,Bayamon,216496,478,216018,0.22,99.78
07/21/2023 07:49 PM,07/21/2023 03:45 PM,region,Carolina,141663,18,141645,0.01,99.99
07/21/2023 07:49 PM,07/21/2023 03:45 PM,region,Caguas,250514,2030,248484,0.81,99.19
07/21/2023 07:49 PM,07/21/2023 03:45 PM,region,Mayaguez,216605,31,216574,0.01,99.99
07/21/2023 07:49 PM,07/21/2023 03:45 PM,region,Ponce,212508,1210,211298,0.57,99.43
07/21/2023 07:49 PM,07/21/2023 03:45 PM,region,San Juan,253068,98,252970,0.04,99.96
07/21/2023 07:55 PM,07/21/2023 03:55 PM,totals,,1468223,7986,1460237,0.54,99.46
07/21/2023 07:55 PM,07/21/2023 03:55 PM,region,Arecibo,177369,2698,174671,1.52,98.48
07/21/2023 07:55 PM,07/21/2023 03:55 PM,region,Bayamon,216496,331,216165,0.15,99.85
07/21/2023 07:55 PM,07/21/2023 03:55 PM,region,Carolina,141663,18,141645,0.01,99.99
07/21/2023 07:55 PM,07/21/2023 03:55 PM,region,Caguas,250514,3547,246967,1.42,98.58
07/21/2023 07:55 PM,07/21/2023 03:55 PM,region,Mayaguez,216605,31,216574,0.01,99.99
07/21/2023 07:55 PM,07/21/2023 03:55 PM,region,Ponce,212508,1210,211298,0.57,99.43
07/21/2023 07:55 PM,07/21/2023 03:55 PM,region,San Juan,253068,151,252917,0.06,99.94
07/21/2023 08:01 PM,07/21/2023 04:00 PM,totals,,1468223,6467,1461756,0.44,99.56
07/21/2023 08:01 PM,07/21/2023 04:00 PM,region,Arecibo,177369,2692,174677,1.52,98.48
07/21/2023 08:01 PM,07/21/2023 04:00 PM,region,Bayamon,216496,333,216163,0.15,99.85
07/21/2023 08:01 PM,07/21/2023 04:00 PM,region,Carolina,141663,18,141645,0.01,99.99
07/21/2023 08:01 PM,07/21/2023 04:00 PM,region,Caguas,250514,2032,248482,0.81,99.19
07/21/2023 08:01 PM,07/21/2023 04:00 PM,region,Mayaguez,216605,31,216574,0.01,99.99
07/21/2023 08:01 PM,07/21/2023 04:00 PM,region,Ponce,212508,1211,211297,0.57,99.43
07/21/2023 08:01 PM,07/21/2023 04:00 PM,region,San Juan,253068,150,252918,0.06,99.94
07/21/2023 08:09 PM,07/21/2023 04:05 PM,totals,,1468223,6472,1461751,0.44,99.56
07/21/2023 08:09 PM,07/21/2023 04:05 PM,region,Arecibo,177369,2696,174673,1.52,98.48
07/21/2023 08:09 PM,07/21/2023 04:05 PM,region,Bayamon,216496,335,216161,0.15,99.85
07/21/2023 08:09 PM,07/21/2023 04:05 PM,region,Carolina,141663,18,141645,0.01,99.99
07/21/2023 08:09 PM,07/21/2023 04:05 PM,region,Caguas,250514,2033,248481,0.81,99.19
07/21/2023 08:09 PM,07/21/2023 04:05 PM,region,Mayaguez,216605,31,216574,0.01,99.99
07/21/2023 08:09 PM,07/21/2023 04:05 PM,region,Ponce,212508,1210,211298,0.57,99.43
07/21/2023 08:09 PM,07/21/2023 04:05 PM,region,San Juan,253068,149,252919,0.06,99.94
07/21/2023 08:18 PM,07/21/2023 04:15 PM,totals,,1468223,6513,1461710,0.44,99.56
07/21/2023 08:18 PM,07/21/2023 04:15 PM,region,Arecibo,177369,2754,174615,1.55,98.45
07/21/2023 08:18 PM,07/21/2023 04:15 PM,region,Bayamon,216496,335,216161,0.15,99.85
07/21/2023 08:18 PM,07/21/2023 04:15 PM,region,Carolina,141663,18,141645,0.01,99.99
07/21/2023 08:18 PM,07/21/2023 04:15 PM,region,Caguas,250514,2018,248496,0.81,99.19
07/21/2023 08:18 PM,07/21/2023 04:15 PM,region,Mayaguez,216605,31,216574,0.01,99.99
07/21/2023 08:18 PM,07/21/2023 04:15 PM,region,Ponce,212508,1209,211299,0.57,99.43
07/21/2023 08:18 PM,07/21/2023 04:15 PM,region,San Juan,253068,148,252920,0.06,99.94
07/21/2023 08:24 PM,07/21/2023 04:20 PM,totals,,1468223,6096,1462127,0.42,99.58
07/21/2023 08:24 PM,07/21/2023 04:20 PM,region,Arecibo,177369,2347,175022,1.32,98.68
07/21/2023 08:24 PM,07/21/2023 04:20 PM,region,Bayamon,216496,335,216161,0.15,99.85
07/21/2023 08:24 PM,07/21/2023 04:20 PM,region,Carolina,141663,18,141645,0.01,99.99
07/21/2023 08:24 PM,07/21/2023 04:20 PM,region,Caguas,250514,2018,248496,0.81,99.19
07/21/2023 08:24 PM,07/21/2023 04:20 PM,region,Mayaguez,216605,32,216573,0.01,99.99
07/21/2023 08:24 PM,07/21/2023 04:20 PM,region,Ponce,212508,1198,211310,0.56,99.44
07/21/2023 08:24 PM,07/21/2023 04:20 PM,region,San Juan,253068,148,252920,0.06,99.94
07/21/2023 08:31 PM,07/21/2023 04:30 PM,totals,,1468223,6100,1462123,0.42,99.58
07/21/2023 08:31 PM,07/21/2023 04:30 PM,region,Arecibo,177369,2352,175017,1.33,98.67
07/21/2023 08:31 PM,07/21/2023 04:30 PM,region,Bayamon,216496,334,216162,0.15,99.85
07/21/2023 08:31 PM,07/21/2023 04:30 PM,region,Carolina,141663,18,141645,0.01,99.99
07/21/2023 08:31 PM,07/21/2023 04:30 PM,region,Caguas,250514,2017,248497,0.81,99.19
07/21/2023 08:31 PM,07/21/2023 04:30 PM,region,Mayaguez,216605,31,216574,0.01,99.99
07/21/2023 08:31 PM,07/21/2023 04:30 PM,region,Ponce,212508,1200,211308,0.56,99.44
07/21/2023 08:31 PM,07/21/2023 04:30 PM,region,San Juan,253068,148,252920,0.06,99.94
07/21/2023 08:37 PM,07/21/2023 04:35 PM,totals,,1468223,6169,1462054,0.42,99.58
07/21/2023 08:37 PM,07/21/2023 04:35 PM,region,Arecibo,177369,2424,174945,1.37,98.63
07/21/2023 08:37 PM,07/21/2023 04:35 PM,region,Bayamon,216496,334,216162,0.15,99.85
07/21/2023 08:37 PM,07/21/2023 04:35 PM,region,Carolina,141663,18,141645,0.01,99.99
07/21/2023 08:37 PM,07/21/2023 04:35 PM,region,Caguas,250514,2018,248496,0.81,99.19
07/21/2023 08:37 PM,07/21/2023 04:35 PM,region,Mayaguez,216605,29,216576,0.01,99.99
07/21/2023 08:37 PM,07/21/2023 04:35 PM,region,Ponce,212508,1198,211310,0.56,99.44
07/21/2023 08:37 PM,07/21/2023 04:35 PM,region,San Juan,253068,148,252920,0.06,99.94
07/21/2023 08:43 PM,07/21/2023 04:40 PM,totals,,1468223,6105,1462118,0.42,99.58
07/21/2023 08:43 PM,07/21/2023 04:40 PM,region,Arecibo,177369,2355,175014,1.33,98.67
07/21/2023 08:43 PM,07/21/2023 04:40 PM,region,Bayamon,216496,338,216158,0.16,99.84
07/21/2023 08:43 PM,07/21/2023 04:40 PM,region,Carolina,141663,19,141644,0.01,99.99
07/21/2023 08:43 PM,07/21/2023 04:40 PM,region,Caguas,250514,2018,248496,0.81,99.19
07/21/2023 08:43 PM,07/21/2023 04:40 PM,region,Mayaguez,216605,30,216575,0.01,99.99
07/21/2023 08:43 PM,07/21/2023 04:40 PM,region,Ponce,212508,1197,211311,0.56,99.44
07/21/2023 08:43 PM,07/21/2023 04:40 PM,region,San Juan,253068,148,252920,0.06,99.94
07/21/2023 08:49 PM,07/21/2023 04:45 PM,totals,,1468223,6108,1462115,0.42,99.58
07/21/2023 08:49 PM,07/21/2023 04:45 PM,region,Arecibo,177369,2356,175013,1.33,98.67
07/21/2023 08:49 PM,07/21/2023 04:45 PM,region,Bayamon,216496,338,216158,0.16,99.84
07/21/2023 08:49 PM,07/21/2023 04:45 PM,region,Carolina,141663,19,141644,0.01,99.99
07/21/2023 08:49 PM,07/21/2023 04:45 PM,region,Caguas,250514,2018,248496,0.81,99.19
07/21/2023 08:49 PM,07/21/2023 04:45 PM,region,Mayaguez,216605,32,216573,0.01,99.99
07/21/2023 08:49 PM,07/21/2023 04:45 PM,region,Ponce,212508,1197,211311,0.56,99.44
07/21/2023 08:49 PM,07/21/2023 04:45 PM,region,San Juan,253068,148,252920,0.06,99.94
07/21/2023 08:55 PM,07/21/2023 04:55 PM,totals,,1468223,3929,1464294,0.27,99.73
07/21/2023 08:55 PM,07/21/2023 04:55 PM,region,Arecibo,177369,143,177226,0.08,99.92
07/21/2023 08:55 PM,07/21/2023 04:55 PM,region,Bayamon,216496,374,216122,0.17,99.83
07/21/2023 08:55 PM,07/21/2023 04:55 PM,region,Carolina,141663,19,141644,0.01,99.99
07/21/2023 08:55 PM,07/21/2023 04:55 PM,region,Caguas,250514,2018,248496,0.81,99.19
07/21/2023 08:55 PM,07/21/2023 04:55 PM,region,Mayaguez,216605,29,216576,0.01,99.99
07/21/2023 08:55 PM,07/21/2023 04:55 PM,region,Ponce,212508,1198,211310,0.56,99.44
07/21/2023 08:55 PM,07/21/2023 04:55 PM,region,San Juan,253068,148,252920,0.06,99.94
