timestamp_saved,dataFechaActualizado,place,value
07/24/2023 10:36 PM,7/24/2023 10:30:30 PM,San Juan,100
07/24/2023 10:36 PM,7/24/2023 10:30:30 PM,San Juan CC,144
07/24/2023 10:36 PM,7/24/2023 10:30:30 PM,Palo Seco,100
07/24/2023 10:36 PM,7/24/2023 10:30:30 PM,Aguirre,106
07/24/2023 10:36 PM,7/24/2023 10:30:30 PM,Aguirre CC,147
07/24/2023 10:36 PM,7/24/2023 10:30:30 PM,Costa Sur,100
07/24/2023 10:36 PM,7/24/2023 10:30:30 PM,Cambalache,150
07/24/2023 10:36 PM,7/24/2023 10:30:30 PM,Mayaguez,144
07/24/2023 10:36 PM,7/24/2023 10:30:30 PM,Costa Sur LNG,9
07/25/2023 02:41 AM,7/24/2023 10:35:30 PM,San Juan,100
07/25/2023 02:41 AM,7/24/2023 10:35:30 PM,San Juan CC,144
07/25/2023 02:41 AM,7/24/2023 10:35:30 PM,Palo Seco,100
07/25/2023 02:41 AM,7/24/2023 10:35:30 PM,Aguirre,106
07/25/2023 02:41 AM,7/24/2023 10:35:30 PM,Aguirre CC,147
07/25/2023 02:41 AM,7/24/2023 10:35:30 PM,Costa Sur,100
07/25/2023 02:41 AM,7/24/2023 10:35:30 PM,Cambalache,150
07/25/2023 02:41 AM,7/24/2023 10:35:30 PM,Mayaguez,144
07/25/2023 02:41 AM,7/24/2023 10:35:30 PM,Costa Sur LNG,9
07/25/2023 02:55 AM,7/24/2023 10:50:30 PM,San Juan,100
07/25/2023 02:55 AM,7/24/2023 10:50:30 PM,San Juan CC,144
07/25/2023 02:55 AM,7/24/2023 10:50:30 PM,Palo Seco,100
07/25/2023 02:55 AM,7/24/2023 10:50:30 PM,Aguirre,106
07/25/2023 02:55 AM,7/24/2023 10:50:30 PM,Aguirre CC,147
07/25/2023 02:55 AM,7/24/2023 10:50:30 PM,Costa Sur,100
07/25/2023 02:55 AM,7/24/2023 10:50:30 PM,Cambalache,150
07/25/2023 02:55 AM,7/24/2023 10:50:30 PM,Mayaguez,144
07/25/2023 02:55 AM,7/24/2023 10:50:30 PM,Costa Sur LNG,9
07/25/2023 03:04 AM,7/24/2023 10:55:30 PM,San Juan,100
07/25/2023 03:04 AM,7/24/2023 10:55:30 PM,San Juan CC,144
07/25/2023 03:04 AM,7/24/2023 10:55:30 PM,Palo Seco,100
07/25/2023 03:04 AM,7/24/2023 10:55:30 PM,Aguirre,106
07/25/2023 03:04 AM,7/24/2023 10:55:30 PM,Aguirre CC,147
07/25/2023 03:04 AM,7/24/2023 10:55:30 PM,Costa Sur,100
07/25/2023 03:04 AM,7/24/2023 10:55:30 PM,Cambalache,150
07/25/2023 03:04 AM,7/24/2023 10:55:30 PM,Mayaguez,144
07/25/2023 03:04 AM,7/24/2023 10:55:30 PM,Costa Sur LNG,9
07/25/2023 03:12 AM,7/24/2023 11:05:30 PM,San Juan,100
07/25/2023 03:12 AM,7/24/2023 11:05:30 PM,San Juan CC,144
07/25/2023 03:12 AM,7/24/2023 11:05:30 PM,Palo Seco,100
07/25/2023 03:12 AM,7/24/2023 11:05:30 PM,Aguirre,106
07/25/2023 03:12 AM,7/24/2023 11:05:30 PM,Aguirre CC,147
07/25/2023 03:12 AM,7/24/2023 11:05:30 PM,Costa Sur,100
07/25/2023 03:12 AM,7/24/2023 11:05:30 PM,Cambalache,150
07/25/2023 03:12 AM,7/24/2023 11:05:30 PM,Mayaguez,144
07/25/2023 03:12 AM,7/24/2023 11:05:30 PM,Costa Sur LNG,9
07/25/2023 03:14 AM,7/24/2023 11:05:30 PM,San Juan,100
07/25/2023 03:14 AM,7/24/2023 11:05:30 PM,San Juan CC,144
07/25/2023 03:14 AM,7/24/2023 11:05:30 PM,Palo Seco,100
07/25/2023 03:14 AM,7/24/2023 11:05:30 PM,Aguirre,106
07/25/2023 03:14 AM,7/24/2023 11:05:30 PM,Aguirre CC,147
07/25/2023 03:14 AM,7/24/2023 11:05:30 PM,Costa Sur,100
07/25/2023 03:14 AM,7/24/2023 11:05:30 PM,Cambalache,150
07/25/2023 03:14 AM,7/24/2023 11:05:30 PM,Mayaguez,144
07/25/2023 03:14 AM,7/24/2023 11:05:30 PM,Costa Sur LNG,9
07/25/2023 03:23 AM,7/24/2023 11:15:30 PM,San Juan,100
07/25/2023 03:23 AM,7/24/2023 11:15:30 PM,San Juan CC,144
07/25/2023 03:23 AM,7/24/2023 11:15:30 PM,Palo Seco,100
07/25/2023 03:23 AM,7/24/2023 11:15:30 PM,Aguirre,106
07/25/2023 03:23 AM,7/24/2023 11:15:30 PM,Aguirre CC,147
07/25/2023 03:23 AM,7/24/2023 11:15:30 PM,Costa Sur,100
07/25/2023 03:23 AM,7/24/2023 11:15:30 PM,Cambalache,150
07/25/2023 03:23 AM,7/24/2023 11:15:30 PM,Mayaguez,144
07/25/2023 03:23 AM,7/24/2023 11:15:30 PM,Costa Sur LNG,9
07/25/2023 03:31 AM,7/24/2023 11:25:30 PM,San Juan,100
07/25/2023 03:31 AM,7/24/2023 11:25:30 PM,San Juan CC,144
07/25/2023 03:31 AM,7/24/2023 11:25:30 PM,Palo Seco,100
07/25/2023 03:31 AM,7/24/2023 11:25:30 PM,Aguirre,106
07/25/2023 03:31 AM,7/24/2023 11:25:30 PM,Aguirre CC,147
07/25/2023 03:31 AM,7/24/2023 11:25:30 PM,Costa Sur,100
07/25/2023 03:31 AM,7/24/2023 11:25:30 PM,Cambalache,150
07/25/2023 03:31 AM,7/24/2023 11:25:30 PM,Mayaguez,144
07/25/2023 03:31 AM,7/24/2023 11:25:30 PM,Costa Sur LNG,9
07/25/2023 03:38 AM,7/24/2023 11:30:30 PM,San Juan,100
07/25/2023 03:38 AM,7/24/2023 11:30:30 PM,San Juan CC,144
07/25/2023 03:38 AM,7/24/2023 11:30:30 PM,Palo Seco,100
07/25/2023 03:38 AM,7/24/2023 11:30:30 PM,Aguirre,106
07/25/2023 03:38 AM,7/24/2023 11:30:30 PM,Aguirre CC,147
07/25/2023 03:38 AM,7/24/2023 11:30:30 PM,Costa Sur,100
07/25/2023 03:38 AM,7/24/2023 11:30:30 PM,Cambalache,150
07/25/2023 03:38 AM,7/24/2023 11:30:30 PM,Mayaguez,144
07/25/2023 03:38 AM,7/24/2023 11:30:30 PM,Costa Sur LNG,9
07/25/2023 03:46 AM,7/24/2023 11:40:30 PM,San Juan,100
07/25/2023 03:46 AM,7/24/2023 11:40:30 PM,San Juan CC,144
07/25/2023 03:46 AM,7/24/2023 11:40:30 PM,Palo Seco,100
07/25/2023 03:46 AM,7/24/2023 11:40:30 PM,Aguirre,106
07/25/2023 03:46 AM,7/24/2023 11:40:30 PM,Aguirre CC,147
07/25/2023 03:46 AM,7/24/2023 11:40:30 PM,Costa Sur,100
07/25/2023 03:46 AM,7/24/2023 11:40:30 PM,Cambalache,150
07/25/2023 03:46 AM,7/24/2023 11:40:30 PM,Mayaguez,144
07/25/2023 03:46 AM,7/24/2023 11:40:30 PM,Costa Sur LNG,9
07/25/2023 03:53 AM,7/24/2023 11:45:30 PM,San Juan,100
07/25/2023 03:53 AM,7/24/2023 11:45:30 PM,San Juan CC,144
07/25/2023 03:53 AM,7/24/2023 11:45:30 PM,Palo Seco,100
07/25/2023 03:53 AM,7/24/2023 11:45:30 PM,Aguirre,106
07/25/2023 03:53 AM,7/24/2023 11:45:30 PM,Aguirre CC,147
07/25/2023 03:53 AM,7/24/2023 11:45:30 PM,Costa Sur,100
07/25/2023 03:53 AM,7/24/2023 11:45:30 PM,Cambalache,150
07/25/2023 03:53 AM,7/24/2023 11:45:30 PM,Mayaguez,144
07/25/2023 03:53 AM,7/24/2023 11:45:30 PM,Costa Sur LNG,9
07/25/2023 04:02 AM,7/24/2023 11:55:30 PM,San Juan,100
07/25/2023 04:02 AM,7/24/2023 11:55:30 PM,San Juan CC,144
07/25/2023 04:02 AM,7/24/2023 11:55:30 PM,Palo Seco,100
07/25/2023 04:02 AM,7/24/2023 11:55:30 PM,Aguirre,106
07/25/2023 04:02 AM,7/24/2023 11:55:30 PM,Aguirre CC,147
07/25/2023 04:02 AM,7/24/2023 11:55:30 PM,Costa Sur,100
07/25/2023 04:02 AM,7/24/2023 11:55:30 PM,Cambalache,150
07/25/2023 04:02 AM,7/24/2023 11:55:30 PM,Mayaguez,144
07/25/2023 04:02 AM,7/24/2023 11:55:30 PM,Costa Sur LNG,9
07/25/2023 04:12 AM,7/25/2023 12:05:30 AM,San Juan,100
07/25/2023 04:12 AM,7/25/2023 12:05:30 AM,San Juan CC,144
07/25/2023 04:12 AM,7/25/2023 12:05:30 AM,Palo Seco,100
07/25/2023 04:12 AM,7/25/2023 12:05:30 AM,Aguirre,106
07/25/2023 04:12 AM,7/25/2023 12:05:30 AM,Aguirre CC,147
07/25/2023 04:12 AM,7/25/2023 12:05:30 AM,Costa Sur,100
07/25/2023 04:12 AM,7/25/2023 12:05:30 AM,Cambalache,150
07/25/2023 04:12 AM,7/25/2023 12:05:30 AM,Mayaguez,144
07/25/2023 04:12 AM,7/25/2023 12:05:30 AM,Costa Sur LNG,9
07/25/2023 04:24 AM,7/25/2023 12:15:30 AM,San Juan,100
07/25/2023 04:24 AM,7/25/2023 12:15:30 AM,San Juan CC,144
07/25/2023 04:24 AM,7/25/2023 12:15:30 AM,Palo Seco,100
07/25/2023 04:24 AM,7/25/2023 12:15:30 AM,Aguirre,106
07/25/2023 04:24 AM,7/25/2023 12:15:30 AM,Aguirre CC,147
07/25/2023 04:24 AM,7/25/2023 12:15:30 AM,Costa Sur,100
07/25/2023 04:24 AM,7/25/2023 12:15:30 AM,Cambalache,150
07/25/2023 04:24 AM,7/25/2023 12:15:30 AM,Mayaguez,144
07/25/2023 04:24 AM,7/25/2023 12:15:30 AM,Costa Sur LNG,9
07/25/2023 04:33 AM,7/25/2023 12:25:30 AM,San Juan,100
07/25/2023 04:33 AM,7/25/2023 12:25:30 AM,San Juan CC,144
07/25/2023 04:33 AM,7/25/2023 12:25:30 AM,Palo Seco,100
07/25/2023 04:33 AM,7/25/2023 12:25:30 AM,Aguirre,106
07/25/2023 04:33 AM,7/25/2023 12:25:30 AM,Aguirre CC,147
07/25/2023 04:33 AM,7/25/2023 12:25:30 AM,Costa Sur,100
07/25/2023 04:33 AM,7/25/2023 12:25:30 AM,Cambalache,150
07/25/2023 04:33 AM,7/25/2023 12:25:30 AM,Mayaguez,144
07/25/2023 04:33 AM,7/25/2023 12:25:30 AM,Costa Sur LNG,9
07/25/2023 04:40 AM,7/25/2023 12:35:30 AM,San Juan,100
07/25/2023 04:40 AM,7/25/2023 12:35:30 AM,San Juan CC,144
07/25/2023 04:40 AM,7/25/2023 12:35:30 AM,Palo Seco,100
07/25/2023 04:40 AM,7/25/2023 12:35:30 AM,Aguirre,106
07/25/2023 04:40 AM,7/25/2023 12:35:30 AM,Aguirre CC,147
07/25/2023 04:40 AM,7/25/2023 12:35:30 AM,Costa Sur,100
07/25/2023 04:40 AM,7/25/2023 12:35:30 AM,Cambalache,150
07/25/2023 04:40 AM,7/25/2023 12:35:30 AM,Mayaguez,144
07/25/2023 04:40 AM,7/25/2023 12:35:30 AM,Costa Sur LNG,9
07/25/2023 04:48 AM,7/25/2023 12:40:30 AM,San Juan,100
07/25/2023 04:48 AM,7/25/2023 12:40:30 AM,San Juan CC,144
07/25/2023 04:48 AM,7/25/2023 12:40:30 AM,Palo Seco,100
07/25/2023 04:48 AM,7/25/2023 12:40:30 AM,Aguirre,106
07/25/2023 04:48 AM,7/25/2023 12:40:30 AM,Aguirre CC,147
07/25/2023 04:48 AM,7/25/2023 12:40:30 AM,Costa Sur,100
07/25/2023 04:48 AM,7/25/2023 12:40:30 AM,Cambalache,150
07/25/2023 04:48 AM,7/25/2023 12:40:30 AM,Mayaguez,144
07/25/2023 04:48 AM,7/25/2023 12:40:30 AM,Costa Sur LNG,9
07/25/2023 04:55 AM,7/25/2023 12:50:30 AM,San Juan,100
07/25/2023 04:55 AM,7/25/2023 12:50:30 AM,San Juan CC,144
07/25/2023 04:55 AM,7/25/2023 12:50:30 AM,Palo Seco,100
07/25/2023 04:55 AM,7/25/2023 12:50:30 AM,Aguirre,106
07/25/2023 04:55 AM,7/25/2023 12:50:30 AM,Aguirre CC,147
07/25/2023 04:55 AM,7/25/2023 12:50:30 AM,Costa Sur,100
07/25/2023 04:55 AM,7/25/2023 12:50:30 AM,Cambalache,150
07/25/2023 04:55 AM,7/25/2023 12:50:30 AM,Mayaguez,144
07/25/2023 04:55 AM,7/25/2023 12:50:30 AM,Costa Sur LNG,9
07/25/2023 05:03 AM,7/25/2023 12:55:30 AM,San Juan,100
07/25/2023 05:03 AM,7/25/2023 12:55:30 AM,San Juan CC,144
07/25/2023 05:03 AM,7/25/2023 12:55:30 AM,Palo Seco,100
07/25/2023 05:03 AM,7/25/2023 12:55:30 AM,Aguirre,106
07/25/2023 05:03 AM,7/25/2023 12:55:30 AM,Aguirre CC,147
07/25/2023 05:03 AM,7/25/2023 12:55:30 AM,Costa Sur,100
07/25/2023 05:03 AM,7/25/2023 12:55:30 AM,Cambalache,150
07/25/2023 05:03 AM,7/25/2023 12:55:30 AM,Mayaguez,144
07/25/2023 05:03 AM,7/25/2023 12:55:30 AM,Costa Sur LNG,9
07/25/2023 05:13 AM,7/25/2023 1:05:30 AM,San Juan,100
07/25/2023 05:13 AM,7/25/2023 1:05:30 AM,San Juan CC,144
07/25/2023 05:13 AM,7/25/2023 1:05:30 AM,Palo Seco,100
07/25/2023 05:13 AM,7/25/2023 1:05:30 AM,Aguirre,106
07/25/2023 05:13 AM,7/25/2023 1:05:30 AM,Aguirre CC,147
07/25/2023 05:13 AM,7/25/2023 1:05:30 AM,Costa Sur,100
07/25/2023 05:13 AM,7/25/2023 1:05:30 AM,Cambalache,150
07/25/2023 05:13 AM,7/25/2023 1:05:30 AM,Mayaguez,144
07/25/2023 05:13 AM,7/25/2023 1:05:30 AM,Costa Sur LNG,9
07/25/2023 05:23 AM,7/25/2023 1:15:30 AM,San Juan,100
07/25/2023 05:23 AM,7/25/2023 1:15:30 AM,San Juan CC,144
07/25/2023 05:23 AM,7/25/2023 1:15:30 AM,Palo Seco,100
07/25/2023 05:23 AM,7/25/2023 1:15:30 AM,Aguirre,106
07/25/2023 05:23 AM,7/25/2023 1:15:30 AM,Aguirre CC,147
07/25/2023 05:23 AM,7/25/2023 1:15:30 AM,Costa Sur,100
07/25/2023 05:23 AM,7/25/2023 1:15:30 AM,Cambalache,150
07/25/2023 05:23 AM,7/25/2023 1:15:30 AM,Mayaguez,144
07/25/2023 05:23 AM,7/25/2023 1:15:30 AM,Costa Sur LNG,9
07/25/2023 05:31 AM,7/25/2023 1:25:30 AM,San Juan,100
07/25/2023 05:31 AM,7/25/2023 1:25:30 AM,San Juan CC,144
07/25/2023 05:31 AM,7/25/2023 1:25:30 AM,Palo Seco,100
07/25/2023 05:31 AM,7/25/2023 1:25:30 AM,Aguirre,106
07/25/2023 05:31 AM,7/25/2023 1:25:30 AM,Aguirre CC,147
07/25/2023 05:31 AM,7/25/2023 1:25:30 AM,Costa Sur,100
07/25/2023 05:31 AM,7/25/2023 1:25:30 AM,Cambalache,150
07/25/2023 05:31 AM,7/25/2023 1:25:30 AM,Mayaguez,144
07/25/2023 05:31 AM,7/25/2023 1:25:30 AM,Costa Sur LNG,9
07/25/2023 05:38 AM,7/25/2023 1:30:30 AM,San Juan,100
07/25/2023 05:38 AM,7/25/2023 1:30:30 AM,San Juan CC,144
07/25/2023 05:38 AM,7/25/2023 1:30:30 AM,Palo Seco,100
07/25/2023 05:38 AM,7/25/2023 1:30:30 AM,Aguirre,106
07/25/2023 05:38 AM,7/25/2023 1:30:30 AM,Aguirre CC,147
07/25/2023 05:38 AM,7/25/2023 1:30:30 AM,Costa Sur,100
07/25/2023 05:38 AM,7/25/2023 1:30:30 AM,Cambalache,150
07/25/2023 05:38 AM,7/25/2023 1:30:30 AM,Mayaguez,144
07/25/2023 05:38 AM,7/25/2023 1:30:30 AM,Costa Sur LNG,9
07/25/2023 05:46 AM,7/25/2023 1:40:30 AM,San Juan,100
07/25/2023 05:46 AM,7/25/2023 1:40:30 AM,San Juan CC,144
07/25/2023 05:46 AM,7/25/2023 1:40:30 AM,Palo Seco,100
07/25/2023 05:46 AM,7/25/2023 1:40:30 AM,Aguirre,106
07/25/2023 05:46 AM,7/25/2023 1:40:30 AM,Aguirre CC,147
07/25/2023 05:46 AM,7/25/2023 1:40:30 AM,Costa Sur,100
07/25/2023 05:46 AM,7/25/2023 1:40:30 AM,Cambalache,150
07/25/2023 05:46 AM,7/25/2023 1:40:30 AM,Mayaguez,144
07/25/2023 05:46 AM,7/25/2023 1:40:30 AM,Costa Sur LNG,9
07/25/2023 05:53 AM,7/25/2023 1:45:30 AM,San Juan,100
07/25/2023 05:53 AM,7/25/2023 1:45:30 AM,San Juan CC,144
07/25/2023 05:53 AM,7/25/2023 1:45:30 AM,Palo Seco,100
07/25/2023 05:53 AM,7/25/2023 1:45:30 AM,Aguirre,106
07/25/2023 05:53 AM,7/25/2023 1:45:30 AM,Aguirre CC,147
07/25/2023 05:53 AM,7/25/2023 1:45:30 AM,Costa Sur,100
07/25/2023 05:53 AM,7/25/2023 1:45:30 AM,Cambalache,150
07/25/2023 05:53 AM,7/25/2023 1:45:30 AM,Mayaguez,144
07/25/2023 05:53 AM,7/25/2023 1:45:30 AM,Costa Sur LNG,9
07/25/2023 06:01 AM,7/25/2023 1:55:30 AM,San Juan,100
07/25/2023 06:01 AM,7/25/2023 1:55:30 AM,San Juan CC,144
07/25/2023 06:01 AM,7/25/2023 1:55:30 AM,Palo Seco,100
07/25/2023 06:01 AM,7/25/2023 1:55:30 AM,Aguirre,106
07/25/2023 06:01 AM,7/25/2023 1:55:30 AM,Aguirre CC,147
07/25/2023 06:01 AM,7/25/2023 1:55:30 AM,Costa Sur,100
07/25/2023 06:01 AM,7/25/2023 1:55:30 AM,Cambalache,150
07/25/2023 06:01 AM,7/25/2023 1:55:30 AM,Mayaguez,144
07/25/2023 06:01 AM,7/25/2023 1:55:30 AM,Costa Sur LNG,9
07/25/2023 06:12 AM,7/25/2023 2:05:30 AM,San Juan,100
07/25/2023 06:12 AM,7/25/2023 2:05:30 AM,San Juan CC,144
07/25/2023 06:12 AM,7/25/2023 2:05:30 AM,Palo Seco,100
07/25/2023 06:12 AM,7/25/2023 2:05:30 AM,Aguirre,106
07/25/2023 06:12 AM,7/25/2023 2:05:30 AM,Aguirre CC,147
07/25/2023 06:12 AM,7/25/2023 2:05:30 AM,Costa Sur,100
07/25/2023 06:12 AM,7/25/2023 2:05:30 AM,Cambalache,150
07/25/2023 06:12 AM,7/25/2023 2:05:30 AM,Mayaguez,144
07/25/2023 06:12 AM,7/25/2023 2:05:30 AM,Costa Sur LNG,9
07/25/2023 06:25 AM,7/25/2023 2:20:30 AM,San Juan,100
07/25/2023 06:25 AM,7/25/2023 2:20:30 AM,San Juan CC,144
07/25/2023 06:25 AM,7/25/2023 2:20:30 AM,Palo Seco,100
07/25/2023 06:25 AM,7/25/2023 2:20:30 AM,Aguirre,106
07/25/2023 06:25 AM,7/25/2023 2:20:30 AM,Aguirre CC,147
07/25/2023 06:25 AM,7/25/2023 2:20:30 AM,Costa Sur,100
07/25/2023 06:25 AM,7/25/2023 2:20:30 AM,Cambalache,150
07/25/2023 06:25 AM,7/25/2023 2:20:30 AM,Mayaguez,144
07/25/2023 06:25 AM,7/25/2023 2:20:30 AM,Costa Sur LNG,9
07/25/2023 06:33 AM,7/25/2023 2:25:30 AM,San Juan,100
07/25/2023 06:33 AM,7/25/2023 2:25:30 AM,San Juan CC,144
07/25/2023 06:33 AM,7/25/2023 2:25:30 AM,Palo Seco,100
07/25/2023 06:33 AM,7/25/2023 2:25:30 AM,Aguirre,106
07/25/2023 06:33 AM,7/25/2023 2:25:30 AM,Aguirre CC,147
07/25/2023 06:33 AM,7/25/2023 2:25:30 AM,Costa Sur,100
07/25/2023 06:33 AM,7/25/2023 2:25:30 AM,Cambalache,150
07/25/2023 06:33 AM,7/25/2023 2:25:30 AM,Mayaguez,144
07/25/2023 06:33 AM,7/25/2023 2:25:30 AM,Costa Sur LNG,9
07/25/2023 06:41 AM,7/25/2023 2:35:30 AM,San Juan,100
07/25/2023 06:41 AM,7/25/2023 2:35:30 AM,San Juan CC,144
07/25/2023 06:41 AM,7/25/2023 2:35:30 AM,Palo Seco,100
07/25/2023 06:41 AM,7/25/2023 2:35:30 AM,Aguirre,106
07/25/2023 06:41 AM,7/25/2023 2:35:30 AM,Aguirre CC,147
07/25/2023 06:41 AM,7/25/2023 2:35:30 AM,Costa Sur,100
07/25/2023 06:41 AM,7/25/2023 2:35:30 AM,Cambalache,150
07/25/2023 06:41 AM,7/25/2023 2:35:30 AM,Mayaguez,144
07/25/2023 06:41 AM,7/25/2023 2:35:30 AM,Costa Sur LNG,9
07/25/2023 06:48 AM,7/25/2023 2:40:30 AM,San Juan,100
07/25/2023 06:48 AM,7/25/2023 2:40:30 AM,San Juan CC,144
07/25/2023 06:48 AM,7/25/2023 2:40:30 AM,Palo Seco,100
07/25/2023 06:48 AM,7/25/2023 2:40:30 AM,Aguirre,106
07/25/2023 06:48 AM,7/25/2023 2:40:30 AM,Aguirre CC,147
07/25/2023 06:48 AM,7/25/2023 2:40:30 AM,Costa Sur,100
07/25/2023 06:48 AM,7/25/2023 2:40:30 AM,Cambalache,150
07/25/2023 06:48 AM,7/25/2023 2:40:30 AM,Mayaguez,144
07/25/2023 06:48 AM,7/25/2023 2:40:30 AM,Costa Sur LNG,9
07/25/2023 06:56 AM,7/25/2023 2:50:30 AM,San Juan,100
07/25/2023 06:56 AM,7/25/2023 2:50:30 AM,San Juan CC,144
07/25/2023 06:56 AM,7/25/2023 2:50:30 AM,Palo Seco,100
07/25/2023 06:56 AM,7/25/2023 2:50:30 AM,Aguirre,106
07/25/2023 06:56 AM,7/25/2023 2:50:30 AM,Aguirre CC,147
07/25/2023 06:56 AM,7/25/2023 2:50:30 AM,Costa Sur,100
07/25/2023 06:56 AM,7/25/2023 2:50:30 AM,Cambalache,150
07/25/2023 06:56 AM,7/25/2023 2:50:30 AM,Mayaguez,144
07/25/2023 06:56 AM,7/25/2023 2:50:30 AM,Costa Sur LNG,9
07/25/2023 07:05 AM,7/25/2023 3:00:30 AM,San Juan,100
07/25/2023 07:05 AM,7/25/2023 3:00:30 AM,San Juan CC,144
07/25/2023 07:05 AM,7/25/2023 3:00:30 AM,Palo Seco,100
07/25/2023 07:05 AM,7/25/2023 3:00:30 AM,Aguirre,106
07/25/2023 07:05 AM,7/25/2023 3:00:30 AM,Aguirre CC,147
07/25/2023 07:05 AM,7/25/2023 3:00:30 AM,Costa Sur,100
07/25/2023 07:05 AM,7/25/2023 3:00:30 AM,Cambalache,150
07/25/2023 07:05 AM,7/25/2023 3:00:30 AM,Mayaguez,144
07/25/2023 07:05 AM,7/25/2023 3:00:30 AM,Costa Sur LNG,9
07/25/2023 07:16 AM,7/25/2023 3:10:30 AM,San Juan,100
07/25/2023 07:16 AM,7/25/2023 3:10:30 AM,San Juan CC,144
07/25/2023 07:16 AM,7/25/2023 3:10:30 AM,Palo Seco,100
07/25/2023 07:16 AM,7/25/2023 3:10:30 AM,Aguirre,106
07/25/2023 07:16 AM,7/25/2023 3:10:30 AM,Aguirre CC,147
07/25/2023 07:16 AM,7/25/2023 3:10:30 AM,Costa Sur,100
07/25/2023 07:16 AM,7/25/2023 3:10:30 AM,Cambalache,150
07/25/2023 07:16 AM,7/25/2023 3:10:30 AM,Mayaguez,144
07/25/2023 07:16 AM,7/25/2023 3:10:30 AM,Costa Sur LNG,9
07/25/2023 07:24 AM,7/25/2023 3:15:30 AM,San Juan,100
07/25/2023 07:24 AM,7/25/2023 3:15:30 AM,San Juan CC,144
07/25/2023 07:24 AM,7/25/2023 3:15:30 AM,Palo Seco,100
07/25/2023 07:24 AM,7/25/2023 3:15:30 AM,Aguirre,106
07/25/2023 07:24 AM,7/25/2023 3:15:30 AM,Aguirre CC,147
07/25/2023 07:24 AM,7/25/2023 3:15:30 AM,Costa Sur,100
07/25/2023 07:24 AM,7/25/2023 3:15:30 AM,Cambalache,150
07/25/2023 07:24 AM,7/25/2023 3:15:30 AM,Mayaguez,144
07/25/2023 07:24 AM,7/25/2023 3:15:30 AM,Costa Sur LNG,9
07/25/2023 07:31 AM,7/25/2023 3:25:30 AM,San Juan,100
07/25/2023 07:31 AM,7/25/2023 3:25:30 AM,San Juan CC,144
07/25/2023 07:31 AM,7/25/2023 3:25:30 AM,Palo Seco,100
07/25/2023 07:31 AM,7/25/2023 3:25:30 AM,Aguirre,106
07/25/2023 07:31 AM,7/25/2023 3:25:30 AM,Aguirre CC,147
07/25/2023 07:31 AM,7/25/2023 3:25:30 AM,Costa Sur,100
07/25/2023 07:31 AM,7/25/2023 3:25:30 AM,Cambalache,150
07/25/2023 07:31 AM,7/25/2023 3:25:30 AM,Mayaguez,144
07/25/2023 07:31 AM,7/25/2023 3:25:30 AM,Costa Sur LNG,9
07/25/2023 07:39 AM,7/25/2023 3:30:30 AM,San Juan,100
07/25/2023 07:39 AM,7/25/2023 3:30:30 AM,San Juan CC,144
07/25/2023 07:39 AM,7/25/2023 3:30:30 AM,Palo Seco,100
07/25/2023 07:39 AM,7/25/2023 3:30:30 AM,Aguirre,106
07/25/2023 07:39 AM,7/25/2023 3:30:30 AM,Aguirre CC,147
07/25/2023 07:39 AM,7/25/2023 3:30:30 AM,Costa Sur,100
07/25/2023 07:39 AM,7/25/2023 3:30:30 AM,Cambalache,150
07/25/2023 07:39 AM,7/25/2023 3:30:30 AM,Mayaguez,144
07/25/2023 07:39 AM,7/25/2023 3:30:30 AM,Costa Sur LNG,9
07/25/2023 07:46 AM,7/25/2023 3:40:30 AM,San Juan,100
07/25/2023 07:46 AM,7/25/2023 3:40:30 AM,San Juan CC,144
07/25/2023 07:46 AM,7/25/2023 3:40:30 AM,Palo Seco,100
07/25/2023 07:46 AM,7/25/2023 3:40:30 AM,Aguirre,106
07/25/2023 07:46 AM,7/25/2023 3:40:30 AM,Aguirre CC,147
07/25/2023 07:46 AM,7/25/2023 3:40:30 AM,Costa Sur,100
07/25/2023 07:46 AM,7/25/2023 3:40:30 AM,Cambalache,150
07/25/2023 07:46 AM,7/25/2023 3:40:30 AM,Mayaguez,144
07/25/2023 07:46 AM,7/25/2023 3:40:30 AM,Costa Sur LNG,9
07/25/2023 07:53 AM,7/25/2023 3:45:30 AM,San Juan,100
07/25/2023 07:53 AM,7/25/2023 3:45:30 AM,San Juan CC,144
07/25/2023 07:53 AM,7/25/2023 3:45:30 AM,Palo Seco,100
07/25/2023 07:53 AM,7/25/2023 3:45:30 AM,Aguirre,106
07/25/2023 07:53 AM,7/25/2023 3:45:30 AM,Aguirre CC,147
07/25/2023 07:53 AM,7/25/2023 3:45:30 AM,Costa Sur,100
07/25/2023 07:53 AM,7/25/2023 3:45:30 AM,Cambalache,150
07/25/2023 07:53 AM,7/25/2023 3:45:30 AM,Mayaguez,144
07/25/2023 07:53 AM,7/25/2023 3:45:30 AM,Costa Sur LNG,9
07/25/2023 08:02 AM,7/25/2023 3:55:30 AM,San Juan,100
07/25/2023 08:02 AM,7/25/2023 3:55:30 AM,San Juan CC,144
07/25/2023 08:02 AM,7/25/2023 3:55:30 AM,Palo Seco,100
07/25/2023 08:02 AM,7/25/2023 3:55:30 AM,Aguirre,106
07/25/2023 08:02 AM,7/25/2023 3:55:30 AM,Aguirre CC,147
07/25/2023 08:02 AM,7/25/2023 3:55:30 AM,Costa Sur,100
07/25/2023 08:02 AM,7/25/2023 3:55:30 AM,Cambalache,150
07/25/2023 08:02 AM,7/25/2023 3:55:30 AM,Mayaguez,144
07/25/2023 08:02 AM,7/25/2023 3:55:30 AM,Costa Sur LNG,9
07/25/2023 08:13 AM,7/25/2023 4:05:30 AM,San Juan,100
07/25/2023 08:13 AM,7/25/2023 4:05:30 AM,San Juan CC,144
07/25/2023 08:13 AM,7/25/2023 4:05:30 AM,Palo Seco,100
07/25/2023 08:13 AM,7/25/2023 4:05:30 AM,Aguirre,106
07/25/2023 08:13 AM,7/25/2023 4:05:30 AM,Aguirre CC,147
07/25/2023 08:13 AM,7/25/2023 4:05:30 AM,Costa Sur,100
07/25/2023 08:13 AM,7/25/2023 4:05:30 AM,Cambalache,150
07/25/2023 08:13 AM,7/25/2023 4:05:30 AM,Mayaguez,144
07/25/2023 08:13 AM,7/25/2023 4:05:30 AM,Costa Sur LNG,9
07/25/2023 08:24 AM,7/25/2023 4:15:30 AM,San Juan,100
07/25/2023 08:24 AM,7/25/2023 4:15:30 AM,San Juan CC,144
07/25/2023 08:24 AM,7/25/2023 4:15:30 AM,Palo Seco,100
07/25/2023 08:24 AM,7/25/2023 4:15:30 AM,Aguirre,106
07/25/2023 08:24 AM,7/25/2023 4:15:30 AM,Aguirre CC,147
07/25/2023 08:24 AM,7/25/2023 4:15:30 AM,Costa Sur,100
07/25/2023 08:24 AM,7/25/2023 4:15:30 AM,Cambalache,150
07/25/2023 08:24 AM,7/25/2023 4:15:30 AM,Mayaguez,144
07/25/2023 08:24 AM,7/25/2023 4:15:30 AM,Costa Sur LNG,9
07/25/2023 08:33 AM,7/25/2023 4:25:30 AM,San Juan,100
07/25/2023 08:33 AM,7/25/2023 4:25:30 AM,San Juan CC,144
07/25/2023 08:33 AM,7/25/2023 4:25:30 AM,Palo Seco,100
07/25/2023 08:33 AM,7/25/2023 4:25:30 AM,Aguirre,106
07/25/2023 08:33 AM,7/25/2023 4:25:30 AM,Aguirre CC,147
07/25/2023 08:33 AM,7/25/2023 4:25:30 AM,Costa Sur,100
07/25/2023 08:33 AM,7/25/2023 4:25:30 AM,Cambalache,150
07/25/2023 08:33 AM,7/25/2023 4:25:30 AM,Mayaguez,144
07/25/2023 08:33 AM,7/25/2023 4:25:30 AM,Costa Sur LNG,9
07/25/2023 08:40 AM,7/25/2023 4:35:30 AM,San Juan,100
07/25/2023 08:40 AM,7/25/2023 4:35:30 AM,San Juan CC,144
07/25/2023 08:40 AM,7/25/2023 4:35:30 AM,Palo Seco,100
07/25/2023 08:40 AM,7/25/2023 4:35:30 AM,Aguirre,106
07/25/2023 08:40 AM,7/25/2023 4:35:30 AM,Aguirre CC,147
07/25/2023 08:40 AM,7/25/2023 4:35:30 AM,Costa Sur,100
07/25/2023 08:40 AM,7/25/2023 4:35:30 AM,Cambalache,150
07/25/2023 08:40 AM,7/25/2023 4:35:30 AM,Mayaguez,144
07/25/2023 08:40 AM,7/25/2023 4:35:30 AM,Costa Sur LNG,9
07/25/2023 08:55 AM,7/25/2023 4:50:30 AM,San Juan,100
07/25/2023 08:55 AM,7/25/2023 4:50:30 AM,San Juan CC,144
07/25/2023 08:55 AM,7/25/2023 4:50:30 AM,Palo Seco,100
07/25/2023 08:55 AM,7/25/2023 4:50:30 AM,Aguirre,106
07/25/2023 08:55 AM,7/25/2023 4:50:30 AM,Aguirre CC,147
07/25/2023 08:55 AM,7/25/2023 4:50:30 AM,Costa Sur,100
07/25/2023 08:55 AM,7/25/2023 4:50:30 AM,Cambalache,150
07/25/2023 08:55 AM,7/25/2023 4:50:30 AM,Mayaguez,144
07/25/2023 08:55 AM,7/25/2023 4:50:30 AM,Costa Sur LNG,9
07/25/2023 09:04 AM,7/25/2023 4:55:30 AM,San Juan,100
07/25/2023 09:04 AM,7/25/2023 4:55:30 AM,San Juan CC,144
07/25/2023 09:04 AM,7/25/2023 4:55:30 AM,Palo Seco,100
07/25/2023 09:04 AM,7/25/2023 4:55:30 AM,Aguirre,106
07/25/2023 09:04 AM,7/25/2023 4:55:30 AM,Aguirre CC,147
07/25/2023 09:04 AM,7/25/2023 4:55:30 AM,Costa Sur,100
07/25/2023 09:04 AM,7/25/2023 4:55:30 AM,Cambalache,150
07/25/2023 09:04 AM,7/25/2023 4:55:30 AM,Mayaguez,144
07/25/2023 09:04 AM,7/25/2023 4:55:30 AM,Costa Sur LNG,9
07/25/2023 09:14 AM,7/25/2023 5:05:30 AM,San Juan,100
07/25/2023 09:14 AM,7/25/2023 5:05:30 AM,San Juan CC,144
07/25/2023 09:14 AM,7/25/2023 5:05:30 AM,Palo Seco,100
07/25/2023 09:14 AM,7/25/2023 5:05:30 AM,Aguirre,106
07/25/2023 09:14 AM,7/25/2023 5:05:30 AM,Aguirre CC,147
07/25/2023 09:14 AM,7/25/2023 5:05:30 AM,Costa Sur,100
07/25/2023 09:14 AM,7/25/2023 5:05:30 AM,Cambalache,150
07/25/2023 09:14 AM,7/25/2023 5:05:30 AM,Mayaguez,144
07/25/2023 09:14 AM,7/25/2023 5:05:30 AM,Costa Sur LNG,9
07/25/2023 09:23 AM,7/25/2023 5:15:30 AM,San Juan,100
07/25/2023 09:23 AM,7/25/2023 5:15:30 AM,San Juan CC,144
07/25/2023 09:23 AM,7/25/2023 5:15:30 AM,Palo Seco,100
07/25/2023 09:23 AM,7/25/2023 5:15:30 AM,Aguirre,106
07/25/2023 09:23 AM,7/25/2023 5:15:30 AM,Aguirre CC,147
07/25/2023 09:23 AM,7/25/2023 5:15:30 AM,Costa Sur,100
07/25/2023 09:23 AM,7/25/2023 5:15:30 AM,Cambalache,150
07/25/2023 09:23 AM,7/25/2023 5:15:30 AM,Mayaguez,144
07/25/2023 09:23 AM,7/25/2023 5:15:30 AM,Costa Sur LNG,9
07/25/2023 09:30 AM,7/25/2023 5:25:30 AM,San Juan,100
07/25/2023 09:30 AM,7/25/2023 5:25:30 AM,San Juan CC,144
07/25/2023 09:30 AM,7/25/2023 5:25:30 AM,Palo Seco,100
07/25/2023 09:30 AM,7/25/2023 5:25:30 AM,Aguirre,106
07/25/2023 09:30 AM,7/25/2023 5:25:30 AM,Aguirre CC,147
07/25/2023 09:30 AM,7/25/2023 5:25:30 AM,Costa Sur,100
07/25/2023 09:30 AM,7/25/2023 5:25:30 AM,Cambalache,150
07/25/2023 09:30 AM,7/25/2023 5:25:30 AM,Mayaguez,144
07/25/2023 09:30 AM,7/25/2023 5:25:30 AM,Costa Sur LNG,9
07/25/2023 09:38 AM,7/25/2023 5:30:30 AM,San Juan,100
07/25/2023 09:38 AM,7/25/2023 5:30:30 AM,San Juan CC,144
07/25/2023 09:38 AM,7/25/2023 5:30:30 AM,Palo Seco,100
07/25/2023 09:38 AM,7/25/2023 5:30:30 AM,Aguirre,106
07/25/2023 09:38 AM,7/25/2023 5:30:30 AM,Aguirre CC,147
07/25/2023 09:38 AM,7/25/2023 5:30:30 AM,Costa Sur,100
07/25/2023 09:38 AM,7/25/2023 5:30:30 AM,Cambalache,150
07/25/2023 09:38 AM,7/25/2023 5:30:30 AM,Mayaguez,144
07/25/2023 09:38 AM,7/25/2023 5:30:30 AM,Costa Sur LNG,9
07/25/2023 09:46 AM,7/25/2023 5:40:30 AM,San Juan,100
07/25/2023 09:46 AM,7/25/2023 5:40:30 AM,San Juan CC,144
07/25/2023 09:46 AM,7/25/2023 5:40:30 AM,Palo Seco,100
07/25/2023 09:46 AM,7/25/2023 5:40:30 AM,Aguirre,106
07/25/2023 09:46 AM,7/25/2023 5:40:30 AM,Aguirre CC,147
07/25/2023 09:46 AM,7/25/2023 5:40:30 AM,Costa Sur,100
07/25/2023 09:46 AM,7/25/2023 5:40:30 AM,Cambalache,150
07/25/2023 09:46 AM,7/25/2023 5:40:30 AM,Mayaguez,144
07/25/2023 09:46 AM,7/25/2023 5:40:30 AM,Costa Sur LNG,9
07/25/2023 09:53 AM,7/25/2023 5:45:30 AM,San Juan,100
07/25/2023 09:53 AM,7/25/2023 5:45:30 AM,San Juan CC,144
07/25/2023 09:53 AM,7/25/2023 5:45:30 AM,Palo Seco,100
07/25/2023 09:53 AM,7/25/2023 5:45:30 AM,Aguirre,106
07/25/2023 09:53 AM,7/25/2023 5:45:30 AM,Aguirre CC,147
07/25/2023 09:53 AM,7/25/2023 5:45:30 AM,Costa Sur,100
07/25/2023 09:53 AM,7/25/2023 5:45:30 AM,Cambalache,150
07/25/2023 09:53 AM,7/25/2023 5:45:30 AM,Mayaguez,144
07/25/2023 09:53 AM,7/25/2023 5:45:30 AM,Costa Sur LNG,9
07/25/2023 10:01 AM,7/25/2023 5:55:30 AM,San Juan,100
07/25/2023 10:01 AM,7/25/2023 5:55:30 AM,San Juan CC,144
07/25/2023 10:01 AM,7/25/2023 5:55:30 AM,Palo Seco,100
07/25/2023 10:01 AM,7/25/2023 5:55:30 AM,Aguirre,106
07/25/2023 10:01 AM,7/25/2023 5:55:30 AM,Aguirre CC,147
07/25/2023 10:01 AM,7/25/2023 5:55:30 AM,Costa Sur,100
07/25/2023 10:01 AM,7/25/2023 5:55:30 AM,Cambalache,150
07/25/2023 10:01 AM,7/25/2023 5:55:30 AM,Mayaguez,144
07/25/2023 10:01 AM,7/25/2023 5:55:30 AM,Costa Sur LNG,9
07/25/2023 10:11 AM,7/25/2023 6:05:30 AM,San Juan,100
07/25/2023 10:11 AM,7/25/2023 6:05:30 AM,San Juan CC,144
07/25/2023 10:11 AM,7/25/2023 6:05:30 AM,Palo Seco,100
07/25/2023 10:11 AM,7/25/2023 6:05:30 AM,Aguirre,106
07/25/2023 10:11 AM,7/25/2023 6:05:30 AM,Aguirre CC,147
07/25/2023 10:11 AM,7/25/2023 6:05:30 AM,Costa Sur,100
07/25/2023 10:11 AM,7/25/2023 6:05:30 AM,Cambalache,150
07/25/2023 10:11 AM,7/25/2023 6:05:30 AM,Mayaguez,144
07/25/2023 10:11 AM,7/25/2023 6:05:30 AM,Costa Sur LNG,9
07/25/2023 10:23 AM,7/25/2023 6:15:30 AM,San Juan,100
07/25/2023 10:23 AM,7/25/2023 6:15:30 AM,San Juan CC,144
07/25/2023 10:23 AM,7/25/2023 6:15:30 AM,Palo Seco,100
07/25/2023 10:23 AM,7/25/2023 6:15:30 AM,Aguirre,106
07/25/2023 10:23 AM,7/25/2023 6:15:30 AM,Aguirre CC,147
07/25/2023 10:23 AM,7/25/2023 6:15:30 AM,Costa Sur,100
07/25/2023 10:23 AM,7/25/2023 6:15:30 AM,Cambalache,150
07/25/2023 10:23 AM,7/25/2023 6:15:30 AM,Mayaguez,144
07/25/2023 10:23 AM,7/25/2023 6:15:30 AM,Costa Sur LNG,9
07/25/2023 10:32 AM,7/25/2023 6:25:30 AM,San Juan,100
07/25/2023 10:32 AM,7/25/2023 6:25:30 AM,San Juan CC,144
07/25/2023 10:32 AM,7/25/2023 6:25:30 AM,Palo Seco,100
07/25/2023 10:32 AM,7/25/2023 6:25:30 AM,Aguirre,106
07/25/2023 10:32 AM,7/25/2023 6:25:30 AM,Aguirre CC,147
07/25/2023 10:32 AM,7/25/2023 6:25:30 AM,Costa Sur,100
07/25/2023 10:32 AM,7/25/2023 6:25:30 AM,Cambalache,150
07/25/2023 10:32 AM,7/25/2023 6:25:30 AM,Mayaguez,144
07/25/2023 10:32 AM,7/25/2023 6:25:30 AM,Costa Sur LNG,9
07/25/2023 10:39 AM,7/25/2023 6:30:30 AM,San Juan,100
07/25/2023 10:39 AM,7/25/2023 6:30:30 AM,San Juan CC,144
07/25/2023 10:39 AM,7/25/2023 6:30:30 AM,Palo Seco,100
07/25/2023 10:39 AM,7/25/2023 6:30:30 AM,Aguirre,106
07/25/2023 10:39 AM,7/25/2023 6:30:30 AM,Aguirre CC,147
07/25/2023 10:39 AM,7/25/2023 6:30:30 AM,Costa Sur,100
07/25/2023 10:39 AM,7/25/2023 6:30:30 AM,Cambalache,150
07/25/2023 10:39 AM,7/25/2023 6:30:30 AM,Mayaguez,144
07/25/2023 10:39 AM,7/25/2023 6:30:30 AM,Costa Sur LNG,9
07/25/2023 10:46 AM,7/25/2023 6:40:30 AM,San Juan,100
07/25/2023 10:46 AM,7/25/2023 6:40:30 AM,San Juan CC,144
07/25/2023 10:46 AM,7/25/2023 6:40:30 AM,Palo Seco,100
07/25/2023 10:46 AM,7/25/2023 6:40:30 AM,Aguirre,106
07/25/2023 10:46 AM,7/25/2023 6:40:30 AM,Aguirre CC,147
07/25/2023 10:46 AM,7/25/2023 6:40:30 AM,Costa Sur,100
07/25/2023 10:46 AM,7/25/2023 6:40:30 AM,Cambalache,150
07/25/2023 10:46 AM,7/25/2023 6:40:30 AM,Mayaguez,144
07/25/2023 10:46 AM,7/25/2023 6:40:30 AM,Costa Sur LNG,9
07/25/2023 10:54 AM,7/25/2023 6:45:30 AM,San Juan,100
07/25/2023 10:54 AM,7/25/2023 6:45:30 AM,San Juan CC,144
07/25/2023 10:54 AM,7/25/2023 6:45:30 AM,Palo Seco,100
07/25/2023 10:54 AM,7/25/2023 6:45:30 AM,Aguirre,106
07/25/2023 10:54 AM,7/25/2023 6:45:30 AM,Aguirre CC,147
07/25/2023 10:54 AM,7/25/2023 6:45:30 AM,Costa Sur,100
07/25/2023 10:54 AM,7/25/2023 6:45:30 AM,Cambalache,150
07/25/2023 10:54 AM,7/25/2023 6:45:30 AM,Mayaguez,144
07/25/2023 10:54 AM,7/25/2023 6:45:30 AM,Costa Sur LNG,9
07/25/2023 11:03 AM,7/25/2023 6:55:30 AM,San Juan,100
07/25/2023 11:03 AM,7/25/2023 6:55:30 AM,San Juan CC,144
07/25/2023 11:03 AM,7/25/2023 6:55:30 AM,Palo Seco,100
07/25/2023 11:03 AM,7/25/2023 6:55:30 AM,Aguirre,106
07/25/2023 11:03 AM,7/25/2023 6:55:30 AM,Aguirre CC,147
07/25/2023 11:03 AM,7/25/2023 6:55:30 AM,Costa Sur,100
07/25/2023 11:03 AM,7/25/2023 6:55:30 AM,Cambalache,150
07/25/2023 11:03 AM,7/25/2023 6:55:30 AM,Mayaguez,144
07/25/2023 11:03 AM,7/25/2023 6:55:30 AM,Costa Sur LNG,9
07/25/2023 11:13 AM,7/25/2023 7:05:30 AM,San Juan,100
07/25/2023 11:13 AM,7/25/2023 7:05:30 AM,San Juan CC,144
07/25/2023 11:13 AM,7/25/2023 7:05:30 AM,Palo Seco,100
07/25/2023 11:13 AM,7/25/2023 7:05:30 AM,Aguirre,106
07/25/2023 11:13 AM,7/25/2023 7:05:30 AM,Aguirre CC,147
07/25/2023 11:13 AM,7/25/2023 7:05:30 AM,Costa Sur,100
07/25/2023 11:13 AM,7/25/2023 7:05:30 AM,Cambalache,150
07/25/2023 11:13 AM,7/25/2023 7:05:30 AM,Mayaguez,144
07/25/2023 11:13 AM,7/25/2023 7:05:30 AM,Costa Sur LNG,9
07/25/2023 11:20 AM,7/25/2023 7:15:30 AM,San Juan,100
07/25/2023 11:20 AM,7/25/2023 7:15:30 AM,San Juan CC,144
07/25/2023 11:20 AM,7/25/2023 7:15:30 AM,Palo Seco,100
07/25/2023 11:20 AM,7/25/2023 7:15:30 AM,Aguirre,106
07/25/2023 11:20 AM,7/25/2023 7:15:30 AM,Aguirre CC,147
07/25/2023 11:20 AM,7/25/2023 7:15:30 AM,Costa Sur,100
07/25/2023 11:20 AM,7/25/2023 7:15:30 AM,Cambalache,150
07/25/2023 11:20 AM,7/25/2023 7:15:30 AM,Mayaguez,144
07/25/2023 11:20 AM,7/25/2023 7:15:30 AM,Costa Sur LNG,9
07/25/2023 11:28 AM,7/25/2023 7:20:30 AM,San Juan,100
07/25/2023 11:28 AM,7/25/2023 7:20:30 AM,San Juan CC,144
07/25/2023 11:28 AM,7/25/2023 7:20:30 AM,Palo Seco,100
07/25/2023 11:28 AM,7/25/2023 7:20:30 AM,Aguirre,106
07/25/2023 11:28 AM,7/25/2023 7:20:30 AM,Aguirre CC,147
07/25/2023 11:28 AM,7/25/2023 7:20:30 AM,Costa Sur,100
07/25/2023 11:28 AM,7/25/2023 7:20:30 AM,Cambalache,150
07/25/2023 11:28 AM,7/25/2023 7:20:30 AM,Mayaguez,144
07/25/2023 11:28 AM,7/25/2023 7:20:30 AM,Costa Sur LNG,9
07/25/2023 11:35 AM,7/25/2023 7:30:30 AM,San Juan,100
07/25/2023 11:35 AM,7/25/2023 7:30:30 AM,San Juan CC,144
07/25/2023 11:35 AM,7/25/2023 7:30:30 AM,Palo Seco,100
07/25/2023 11:35 AM,7/25/2023 7:30:30 AM,Aguirre,106
07/25/2023 11:35 AM,7/25/2023 7:30:30 AM,Aguirre CC,147
07/25/2023 11:35 AM,7/25/2023 7:30:30 AM,Costa Sur,100
07/25/2023 11:35 AM,7/25/2023 7:30:30 AM,Cambalache,150
07/25/2023 11:35 AM,7/25/2023 7:30:30 AM,Mayaguez,144
07/25/2023 11:35 AM,7/25/2023 7:30:30 AM,Costa Sur LNG,9
07/25/2023 11:43 AM,7/25/2023 7:35:30 AM,San Juan,100
07/25/2023 11:43 AM,7/25/2023 7:35:30 AM,San Juan CC,144
07/25/2023 11:43 AM,7/25/2023 7:35:30 AM,Palo Seco,100
07/25/2023 11:43 AM,7/25/2023 7:35:30 AM,Aguirre,106
07/25/2023 11:43 AM,7/25/2023 7:35:30 AM,Aguirre CC,147
07/25/2023 11:43 AM,7/25/2023 7:35:30 AM,Costa Sur,100
07/25/2023 11:43 AM,7/25/2023 7:35:30 AM,Cambalache,150
07/25/2023 11:43 AM,7/25/2023 7:35:30 AM,Mayaguez,144
07/25/2023 11:43 AM,7/25/2023 7:35:30 AM,Costa Sur LNG,9
07/25/2023 11:50 AM,7/25/2023 7:45:30 AM,San Juan,100
07/25/2023 11:50 AM,7/25/2023 7:45:30 AM,San Juan CC,144
07/25/2023 11:50 AM,7/25/2023 7:45:30 AM,Palo Seco,100
07/25/2023 11:50 AM,7/25/2023 7:45:30 AM,Aguirre,106
07/25/2023 11:50 AM,7/25/2023 7:45:30 AM,Aguirre CC,147
07/25/2023 11:50 AM,7/25/2023 7:45:30 AM,Costa Sur,100
07/25/2023 11:50 AM,7/25/2023 7:45:30 AM,Cambalache,150
07/25/2023 11:50 AM,7/25/2023 7:45:30 AM,Mayaguez,144
07/25/2023 11:50 AM,7/25/2023 7:45:30 AM,Costa Sur LNG,9
07/25/2023 11:58 AM,7/25/2023 7:50:30 AM,San Juan,100
07/25/2023 11:58 AM,7/25/2023 7:50:30 AM,San Juan CC,144
07/25/2023 11:58 AM,7/25/2023 7:50:30 AM,Palo Seco,100
07/25/2023 11:58 AM,7/25/2023 7:50:30 AM,Aguirre,106
07/25/2023 11:58 AM,7/25/2023 7:50:30 AM,Aguirre CC,147
07/25/2023 11:58 AM,7/25/2023 7:50:30 AM,Costa Sur,100
07/25/2023 11:58 AM,7/25/2023 7:50:30 AM,Cambalache,150
07/25/2023 11:58 AM,7/25/2023 7:50:30 AM,Mayaguez,144
07/25/2023 11:58 AM,7/25/2023 7:50:30 AM,Costa Sur LNG,9
07/25/2023 12:08 PM,7/25/2023 8:00:30 AM,San Juan,100
07/25/2023 12:08 PM,7/25/2023 8:00:30 AM,San Juan CC,144
07/25/2023 12:08 PM,7/25/2023 8:00:30 AM,Palo Seco,100
07/25/2023 12:08 PM,7/25/2023 8:00:30 AM,Aguirre,106
07/25/2023 12:08 PM,7/25/2023 8:00:30 AM,Aguirre CC,147
07/25/2023 12:08 PM,7/25/2023 8:00:30 AM,Costa Sur,100
07/25/2023 12:08 PM,7/25/2023 8:00:30 AM,Cambalache,150
07/25/2023 12:08 PM,7/25/2023 8:00:30 AM,Mayaguez,144
07/25/2023 12:08 PM,7/25/2023 8:00:30 AM,Costa Sur LNG,9
07/25/2023 12:22 PM,7/25/2023 8:15:30 AM,San Juan,100
07/25/2023 12:22 PM,7/25/2023 8:15:30 AM,San Juan CC,144
07/25/2023 12:22 PM,7/25/2023 8:15:30 AM,Palo Seco,100
07/25/2023 12:22 PM,7/25/2023 8:15:30 AM,Aguirre,106
07/25/2023 12:22 PM,7/25/2023 8:15:30 AM,Aguirre CC,147
07/25/2023 12:22 PM,7/25/2023 8:15:30 AM,Costa Sur,100
07/25/2023 12:22 PM,7/25/2023 8:15:30 AM,Cambalache,150
07/25/2023 12:22 PM,7/25/2023 8:15:30 AM,Mayaguez,144
07/25/2023 12:22 PM,7/25/2023 8:15:30 AM,Costa Sur LNG,9
07/25/2023 12:40 PM,7/25/2023 8:35:30 AM,San Juan,100
07/25/2023 12:40 PM,7/25/2023 8:35:30 AM,San Juan CC,144
07/25/2023 12:40 PM,7/25/2023 8:35:30 AM,Palo Seco,100
07/25/2023 12:40 PM,7/25/2023 8:35:30 AM,Aguirre,106
07/25/2023 12:40 PM,7/25/2023 8:35:30 AM,Aguirre CC,147
07/25/2023 12:40 PM,7/25/2023 8:35:30 AM,Costa Sur,100
07/25/2023 12:40 PM,7/25/2023 8:35:30 AM,Cambalache,150
07/25/2023 12:40 PM,7/25/2023 8:35:30 AM,Mayaguez,144
07/25/2023 12:40 PM,7/25/2023 8:35:30 AM,Costa Sur LNG,9
07/25/2023 12:54 PM,7/25/2023 8:45:30 AM,San Juan,100
07/25/2023 12:54 PM,7/25/2023 8:45:30 AM,San Juan CC,144
07/25/2023 12:54 PM,7/25/2023 8:45:30 AM,Palo Seco,100
07/25/2023 12:54 PM,7/25/2023 8:45:30 AM,Aguirre,106
07/25/2023 12:54 PM,7/25/2023 8:45:30 AM,Aguirre CC,147
07/25/2023 12:54 PM,7/25/2023 8:45:30 AM,Costa Sur,100
07/25/2023 12:54 PM,7/25/2023 8:45:30 AM,Cambalache,150
07/25/2023 12:54 PM,7/25/2023 8:45:30 AM,Mayaguez,144
07/25/2023 12:54 PM,7/25/2023 8:45:30 AM,Costa Sur LNG,9
07/25/2023 01:07 PM,7/25/2023 9:00:30 AM,San Juan,100
07/25/2023 01:07 PM,7/25/2023 9:00:30 AM,San Juan CC,144
07/25/2023 01:07 PM,7/25/2023 9:00:30 AM,Palo Seco,100
07/25/2023 01:07 PM,7/25/2023 9:00:30 AM,Aguirre,106
07/25/2023 01:07 PM,7/25/2023 9:00:30 AM,Aguirre CC,147
07/25/2023 01:07 PM,7/25/2023 9:00:30 AM,Costa Sur,100
07/25/2023 01:07 PM,7/25/2023 9:00:30 AM,Cambalache,150
07/25/2023 01:07 PM,7/25/2023 9:00:30 AM,Mayaguez,144
07/25/2023 01:07 PM,7/25/2023 9:00:30 AM,Costa Sur LNG,9
07/25/2023 01:19 PM,7/25/2023 9:10:30 AM,San Juan,100
07/25/2023 01:19 PM,7/25/2023 9:10:30 AM,San Juan CC,144
07/25/2023 01:19 PM,7/25/2023 9:10:30 AM,Palo Seco,100
07/25/2023 01:19 PM,7/25/2023 9:10:30 AM,Aguirre,106
07/25/2023 01:19 PM,7/25/2023 9:10:30 AM,Aguirre CC,147
07/25/2023 01:19 PM,7/25/2023 9:10:30 AM,Costa Sur,100
07/25/2023 01:19 PM,7/25/2023 9:10:30 AM,Cambalache,150
07/25/2023 01:19 PM,7/25/2023 9:10:30 AM,Mayaguez,144
07/25/2023 01:19 PM,7/25/2023 9:10:30 AM,Costa Sur LNG,9
07/25/2023 01:28 PM,7/25/2023 9:20:30 AM,San Juan,100
07/25/2023 01:28 PM,7/25/2023 9:20:30 AM,San Juan CC,144
07/25/2023 01:28 PM,7/25/2023 9:20:30 AM,Palo Seco,100
07/25/2023 01:28 PM,7/25/2023 9:20:30 AM,Aguirre,106
07/25/2023 01:28 PM,7/25/2023 9:20:30 AM,Aguirre CC,147
07/25/2023 01:28 PM,7/25/2023 9:20:30 AM,Costa Sur,100
07/25/2023 01:28 PM,7/25/2023 9:20:30 AM,Cambalache,150
07/25/2023 01:28 PM,7/25/2023 9:20:30 AM,Mayaguez,144
07/25/2023 01:28 PM,7/25/2023 9:20:30 AM,Costa Sur LNG,9
07/25/2023 01:36 PM,7/25/2023 9:30:30 AM,San Juan,100
07/25/2023 01:36 PM,7/25/2023 9:30:30 AM,San Juan CC,144
07/25/2023 01:36 PM,7/25/2023 9:30:30 AM,Palo Seco,100
07/25/2023 01:36 PM,7/25/2023 9:30:30 AM,Aguirre,106
07/25/2023 01:36 PM,7/25/2023 9:30:30 AM,Aguirre CC,147
07/25/2023 01:36 PM,7/25/2023 9:30:30 AM,Costa Sur,100
07/25/2023 01:36 PM,7/25/2023 9:30:30 AM,Cambalache,150
07/25/2023 01:36 PM,7/25/2023 9:30:30 AM,Mayaguez,144
07/25/2023 01:36 PM,7/25/2023 9:30:30 AM,Costa Sur LNG,9
07/25/2023 01:44 PM,7/25/2023 9:35:30 AM,San Juan,100
07/25/2023 01:44 PM,7/25/2023 9:35:30 AM,San Juan CC,144
07/25/2023 01:44 PM,7/25/2023 9:35:30 AM,Palo Seco,100
07/25/2023 01:44 PM,7/25/2023 9:35:30 AM,Aguirre,106
07/25/2023 01:44 PM,7/25/2023 9:35:30 AM,Aguirre CC,147
07/25/2023 01:44 PM,7/25/2023 9:35:30 AM,Costa Sur,100
07/25/2023 01:44 PM,7/25/2023 9:35:30 AM,Cambalache,150
07/25/2023 01:44 PM,7/25/2023 9:35:30 AM,Mayaguez,144
07/25/2023 01:44 PM,7/25/2023 9:35:30 AM,Costa Sur LNG,9
07/25/2023 01:52 PM,7/25/2023 9:45:30 AM,San Juan,100
07/25/2023 01:52 PM,7/25/2023 9:45:30 AM,San Juan CC,144
07/25/2023 01:52 PM,7/25/2023 9:45:30 AM,Palo Seco,100
07/25/2023 01:52 PM,7/25/2023 9:45:30 AM,Aguirre,106
07/25/2023 01:52 PM,7/25/2023 9:45:30 AM,Aguirre CC,147
07/25/2023 01:52 PM,7/25/2023 9:45:30 AM,Costa Sur,100
07/25/2023 01:52 PM,7/25/2023 9:45:30 AM,Cambalache,150
07/25/2023 01:52 PM,7/25/2023 9:45:30 AM,Mayaguez,144
07/25/2023 01:52 PM,7/25/2023 9:45:30 AM,Costa Sur LNG,9
07/25/2023 01:59 PM,7/25/2023 9:50:30 AM,San Juan,100
07/25/2023 01:59 PM,7/25/2023 9:50:30 AM,San Juan CC,144
07/25/2023 01:59 PM,7/25/2023 9:50:30 AM,Palo Seco,100
07/25/2023 01:59 PM,7/25/2023 9:50:30 AM,Aguirre,106
07/25/2023 01:59 PM,7/25/2023 9:50:30 AM,Aguirre CC,147
07/25/2023 01:59 PM,7/25/2023 9:50:30 AM,Costa Sur,100
07/25/2023 01:59 PM,7/25/2023 9:50:30 AM,Cambalache,150
07/25/2023 01:59 PM,7/25/2023 9:50:30 AM,Mayaguez,144
07/25/2023 01:59 PM,7/25/2023 9:50:30 AM,Costa Sur LNG,9
07/25/2023 02:08 PM,7/25/2023 10:00:30 AM,San Juan,100
07/25/2023 02:08 PM,7/25/2023 10:00:30 AM,San Juan CC,144
07/25/2023 02:08 PM,7/25/2023 10:00:30 AM,Palo Seco,100
07/25/2023 02:08 PM,7/25/2023 10:00:30 AM,Aguirre,106
07/25/2023 02:08 PM,7/25/2023 10:00:30 AM,Aguirre CC,147
07/25/2023 02:08 PM,7/25/2023 10:00:30 AM,Costa Sur,100
07/25/2023 02:08 PM,7/25/2023 10:00:30 AM,Cambalache,150
07/25/2023 02:08 PM,7/25/2023 10:00:30 AM,Mayaguez,144
07/25/2023 02:08 PM,7/25/2023 10:00:30 AM,Costa Sur LNG,9
07/25/2023 02:19 PM,7/25/2023 10:10:30 AM,San Juan,100
07/25/2023 02:19 PM,7/25/2023 10:10:30 AM,San Juan CC,144
07/25/2023 02:19 PM,7/25/2023 10:10:30 AM,Palo Seco,100
07/25/2023 02:19 PM,7/25/2023 10:10:30 AM,Aguirre,106
07/25/2023 02:19 PM,7/25/2023 10:10:30 AM,Aguirre CC,147
07/25/2023 02:19 PM,7/25/2023 10:10:30 AM,Costa Sur,100
07/25/2023 02:19 PM,7/25/2023 10:10:30 AM,Cambalache,150
07/25/2023 02:19 PM,7/25/2023 10:10:30 AM,Mayaguez,144
07/25/2023 02:19 PM,7/25/2023 10:10:30 AM,Costa Sur LNG,9
07/25/2023 02:28 PM,7/25/2023 10:20:30 AM,San Juan,100
07/25/2023 02:28 PM,7/25/2023 10:20:30 AM,San Juan CC,144
07/25/2023 02:28 PM,7/25/2023 10:20:30 AM,Palo Seco,100
07/25/2023 02:28 PM,7/25/2023 10:20:30 AM,Aguirre,106
07/25/2023 02:28 PM,7/25/2023 10:20:30 AM,Aguirre CC,147
07/25/2023 02:28 PM,7/25/2023 10:20:30 AM,Costa Sur,100
07/25/2023 02:28 PM,7/25/2023 10:20:30 AM,Cambalache,150
07/25/2023 02:28 PM,7/25/2023 10:20:30 AM,Mayaguez,144
07/25/2023 02:28 PM,7/25/2023 10:20:30 AM,Costa Sur LNG,9
07/25/2023 02:36 PM,7/25/2023 10:30:30 AM,San Juan,100
07/25/2023 02:36 PM,7/25/2023 10:30:30 AM,San Juan CC,144
07/25/2023 02:36 PM,7/25/2023 10:30:30 AM,Palo Seco,100
07/25/2023 02:36 PM,7/25/2023 10:30:30 AM,Aguirre,106
07/25/2023 02:36 PM,7/25/2023 10:30:30 AM,Aguirre CC,147
07/25/2023 02:36 PM,7/25/2023 10:30:30 AM,Costa Sur,100
07/25/2023 02:36 PM,7/25/2023 10:30:30 AM,Cambalache,150
07/25/2023 02:36 PM,7/25/2023 10:30:30 AM,Mayaguez,144
07/25/2023 02:36 PM,7/25/2023 10:30:30 AM,Costa Sur LNG,9
07/25/2023 02:43 PM,7/25/2023 10:35:30 AM,San Juan,100
07/25/2023 02:43 PM,7/25/2023 10:35:30 AM,San Juan CC,144
07/25/2023 02:43 PM,7/25/2023 10:35:30 AM,Palo Seco,100
07/25/2023 02:43 PM,7/25/2023 10:35:30 AM,Aguirre,106
07/25/2023 02:43 PM,7/25/2023 10:35:30 AM,Aguirre CC,147
07/25/2023 02:43 PM,7/25/2023 10:35:30 AM,Costa Sur,100
07/25/2023 02:43 PM,7/25/2023 10:35:30 AM,Cambalache,150
07/25/2023 02:43 PM,7/25/2023 10:35:30 AM,Mayaguez,144
07/25/2023 02:43 PM,7/25/2023 10:35:30 AM,Costa Sur LNG,9
07/25/2023 02:51 PM,7/25/2023 10:45:30 AM,San Juan,100
07/25/2023 02:51 PM,7/25/2023 10:45:30 AM,San Juan CC,144
07/25/2023 02:51 PM,7/25/2023 10:45:30 AM,Palo Seco,100
07/25/2023 02:51 PM,7/25/2023 10:45:30 AM,Aguirre,106
07/25/2023 02:51 PM,7/25/2023 10:45:30 AM,Aguirre CC,147
07/25/2023 02:51 PM,7/25/2023 10:45:30 AM,Costa Sur,100
07/25/2023 02:51 PM,7/25/2023 10:45:30 AM,Cambalache,150
07/25/2023 02:51 PM,7/25/2023 10:45:30 AM,Mayaguez,144
07/25/2023 02:51 PM,7/25/2023 10:45:30 AM,Costa Sur LNG,9
07/25/2023 02:58 PM,7/25/2023 10:50:30 AM,San Juan,100
07/25/2023 02:58 PM,7/25/2023 10:50:30 AM,San Juan CC,144
07/25/2023 02:58 PM,7/25/2023 10:50:30 AM,Palo Seco,100
07/25/2023 02:58 PM,7/25/2023 10:50:30 AM,Aguirre,106
07/25/2023 02:58 PM,7/25/2023 10:50:30 AM,Aguirre CC,147
07/25/2023 02:58 PM,7/25/2023 10:50:30 AM,Costa Sur,100
07/25/2023 02:58 PM,7/25/2023 10:50:30 AM,Cambalache,150
07/25/2023 02:58 PM,7/25/2023 10:50:30 AM,Mayaguez,144
07/25/2023 02:58 PM,7/25/2023 10:50:30 AM,Costa Sur LNG,9
07/25/2023 03:07 PM,7/25/2023 11:00:30 AM,San Juan,100
07/25/2023 03:07 PM,7/25/2023 11:00:30 AM,San Juan CC,144
07/25/2023 03:07 PM,7/25/2023 11:00:30 AM,Palo Seco,100
07/25/2023 03:07 PM,7/25/2023 11:00:30 AM,Aguirre,106
07/25/2023 03:07 PM,7/25/2023 11:00:30 AM,Aguirre CC,147
07/25/2023 03:07 PM,7/25/2023 11:00:30 AM,Costa Sur,100
07/25/2023 03:07 PM,7/25/2023 11:00:30 AM,Cambalache,150
07/25/2023 03:07 PM,7/25/2023 11:00:30 AM,Mayaguez,144
07/25/2023 03:07 PM,7/25/2023 11:00:30 AM,Costa Sur LNG,9
07/25/2023 03:18 PM,7/25/2023 11:10:30 AM,San Juan,100
07/25/2023 03:18 PM,7/25/2023 11:10:30 AM,San Juan CC,144
07/25/2023 03:18 PM,7/25/2023 11:10:30 AM,Palo Seco,100
07/25/2023 03:18 PM,7/25/2023 11:10:30 AM,Aguirre,106
07/25/2023 03:18 PM,7/25/2023 11:10:30 AM,Aguirre CC,147
07/25/2023 03:18 PM,7/25/2023 11:10:30 AM,Costa Sur,100
07/25/2023 03:18 PM,7/25/2023 11:10:30 AM,Cambalache,150
07/25/2023 03:18 PM,7/25/2023 11:10:30 AM,Mayaguez,144
07/25/2023 03:18 PM,7/25/2023 11:10:30 AM,Costa Sur LNG,9
07/25/2023 03:27 PM,7/25/2023 11:20:30 AM,San Juan,100
07/25/2023 03:27 PM,7/25/2023 11:20:30 AM,San Juan CC,144
07/25/2023 03:27 PM,7/25/2023 11:20:30 AM,Palo Seco,100
07/25/2023 03:27 PM,7/25/2023 11:20:30 AM,Aguirre,106
07/25/2023 03:27 PM,7/25/2023 11:20:30 AM,Aguirre CC,147
07/25/2023 03:27 PM,7/25/2023 11:20:30 AM,Costa Sur,100
07/25/2023 03:27 PM,7/25/2023 11:20:30 AM,Cambalache,150
07/25/2023 03:27 PM,7/25/2023 11:20:30 AM,Mayaguez,144
07/25/2023 03:27 PM,7/25/2023 11:20:30 AM,Costa Sur LNG,9
07/25/2023 03:35 PM,7/25/2023 11:30:30 AM,San Juan,100
07/25/2023 03:35 PM,7/25/2023 11:30:30 AM,San Juan CC,144
07/25/2023 03:35 PM,7/25/2023 11:30:30 AM,Palo Seco,100
07/25/2023 03:35 PM,7/25/2023 11:30:30 AM,Aguirre,106
07/25/2023 03:35 PM,7/25/2023 11:30:30 AM,Aguirre CC,147
07/25/2023 03:35 PM,7/25/2023 11:30:30 AM,Costa Sur,100
07/25/2023 03:35 PM,7/25/2023 11:30:30 AM,Cambalache,150
07/25/2023 03:35 PM,7/25/2023 11:30:30 AM,Mayaguez,144
07/25/2023 03:35 PM,7/25/2023 11:30:30 AM,Costa Sur LNG,9
07/25/2023 03:42 PM,7/25/2023 11:35:30 AM,San Juan,100
07/25/2023 03:42 PM,7/25/2023 11:35:30 AM,San Juan CC,144
07/25/2023 03:42 PM,7/25/2023 11:35:30 AM,Palo Seco,100
07/25/2023 03:42 PM,7/25/2023 11:35:30 AM,Aguirre,106
07/25/2023 03:42 PM,7/25/2023 11:35:30 AM,Aguirre CC,147
07/25/2023 03:42 PM,7/25/2023 11:35:30 AM,Costa Sur,100
07/25/2023 03:42 PM,7/25/2023 11:35:30 AM,Cambalache,150
07/25/2023 03:42 PM,7/25/2023 11:35:30 AM,Mayaguez,144
07/25/2023 03:42 PM,7/25/2023 11:35:30 AM,Costa Sur LNG,9
07/25/2023 03:50 PM,7/25/2023 11:45:30 AM,San Juan,100
07/25/2023 03:50 PM,7/25/2023 11:45:30 AM,San Juan CC,144
07/25/2023 03:50 PM,7/25/2023 11:45:30 AM,Palo Seco,100
07/25/2023 03:50 PM,7/25/2023 11:45:30 AM,Aguirre,106
07/25/2023 03:50 PM,7/25/2023 11:45:30 AM,Aguirre CC,147
07/25/2023 03:50 PM,7/25/2023 11:45:30 AM,Costa Sur,100
07/25/2023 03:50 PM,7/25/2023 11:45:30 AM,Cambalache,150
07/25/2023 03:50 PM,7/25/2023 11:45:30 AM,Mayaguez,144
07/25/2023 03:50 PM,7/25/2023 11:45:30 AM,Costa Sur LNG,9
07/25/2023 03:58 PM,7/25/2023 11:50:30 AM,San Juan,100
07/25/2023 03:58 PM,7/25/2023 11:50:30 AM,San Juan CC,144
07/25/2023 03:58 PM,7/25/2023 11:50:30 AM,Palo Seco,100
07/25/2023 03:58 PM,7/25/2023 11:50:30 AM,Aguirre,106
07/25/2023 03:58 PM,7/25/2023 11:50:30 AM,Aguirre CC,147
07/25/2023 03:58 PM,7/25/2023 11:50:30 AM,Costa Sur,100
07/25/2023 03:58 PM,7/25/2023 11:50:30 AM,Cambalache,150
07/25/2023 03:58 PM,7/25/2023 11:50:30 AM,Mayaguez,144
07/25/2023 03:58 PM,7/25/2023 11:50:30 AM,Costa Sur LNG,9
07/25/2023 04:08 PM,7/25/2023 12:00:30 PM,San Juan,100
07/25/2023 04:08 PM,7/25/2023 12:00:30 PM,San Juan CC,144
07/25/2023 04:08 PM,7/25/2023 12:00:30 PM,Palo Seco,100
07/25/2023 04:08 PM,7/25/2023 12:00:30 PM,Aguirre,106
07/25/2023 04:08 PM,7/25/2023 12:00:30 PM,Aguirre CC,147
07/25/2023 04:08 PM,7/25/2023 12:00:30 PM,Costa Sur,100
07/25/2023 04:08 PM,7/25/2023 12:00:30 PM,Cambalache,150
07/25/2023 04:08 PM,7/25/2023 12:00:30 PM,Mayaguez,144
07/25/2023 04:08 PM,7/25/2023 12:00:30 PM,Costa Sur LNG,9
07/25/2023 04:19 PM,7/25/2023 12:10:30 PM,San Juan,100
07/25/2023 04:19 PM,7/25/2023 12:10:30 PM,San Juan CC,144
07/25/2023 04:19 PM,7/25/2023 12:10:30 PM,Palo Seco,100
07/25/2023 04:19 PM,7/25/2023 12:10:30 PM,Aguirre,106
07/25/2023 04:19 PM,7/25/2023 12:10:30 PM,Aguirre CC,147
07/25/2023 04:19 PM,7/25/2023 12:10:30 PM,Costa Sur,100
07/25/2023 04:19 PM,7/25/2023 12:10:30 PM,Cambalache,150
07/25/2023 04:19 PM,7/25/2023 12:10:30 PM,Mayaguez,144
07/25/2023 04:19 PM,7/25/2023 12:10:30 PM,Costa Sur LNG,9
07/25/2023 04:30 PM,7/25/2023 12:25:30 PM,San Juan,100
07/25/2023 04:30 PM,7/25/2023 12:25:30 PM,San Juan CC,144
07/25/2023 04:30 PM,7/25/2023 12:25:30 PM,Palo Seco,100
07/25/2023 04:30 PM,7/25/2023 12:25:30 PM,Aguirre,106
07/25/2023 04:30 PM,7/25/2023 12:25:30 PM,Aguirre CC,147
07/25/2023 04:30 PM,7/25/2023 12:25:30 PM,Costa Sur,100
07/25/2023 04:30 PM,7/25/2023 12:25:30 PM,Cambalache,150
07/25/2023 04:30 PM,7/25/2023 12:25:30 PM,Mayaguez,144
07/25/2023 04:30 PM,7/25/2023 12:25:30 PM,Costa Sur LNG,9
07/25/2023 04:39 PM,7/25/2023 12:30:30 PM,San Juan,100
07/25/2023 04:39 PM,7/25/2023 12:30:30 PM,San Juan CC,144
07/25/2023 04:39 PM,7/25/2023 12:30:30 PM,Palo Seco,100
07/25/2023 04:39 PM,7/25/2023 12:30:30 PM,Aguirre,106
07/25/2023 04:39 PM,7/25/2023 12:30:30 PM,Aguirre CC,147
07/25/2023 04:39 PM,7/25/2023 12:30:30 PM,Costa Sur,100
07/25/2023 04:39 PM,7/25/2023 12:30:30 PM,Cambalache,150
07/25/2023 04:39 PM,7/25/2023 12:30:30 PM,Mayaguez,144
07/25/2023 04:39 PM,7/25/2023 12:30:30 PM,Costa Sur LNG,9
07/25/2023 04:47 PM,7/25/2023 12:40:30 PM,San Juan,100
07/25/2023 04:47 PM,7/25/2023 12:40:30 PM,San Juan CC,144
07/25/2023 04:47 PM,7/25/2023 12:40:30 PM,Palo Seco,100
07/25/2023 04:47 PM,7/25/2023 12:40:30 PM,Aguirre,106
07/25/2023 04:47 PM,7/25/2023 12:40:30 PM,Aguirre CC,147
07/25/2023 04:47 PM,7/25/2023 12:40:30 PM,Costa Sur,100
07/25/2023 04:47 PM,7/25/2023 12:40:30 PM,Cambalache,150
07/25/2023 04:47 PM,7/25/2023 12:40:30 PM,Mayaguez,144
07/25/2023 04:47 PM,7/25/2023 12:40:30 PM,Costa Sur LNG,9
07/25/2023 04:54 PM,7/25/2023 12:45:30 PM,San Juan,100
07/25/2023 04:54 PM,7/25/2023 12:45:30 PM,San Juan CC,144
07/25/2023 04:54 PM,7/25/2023 12:45:30 PM,Palo Seco,100
07/25/2023 04:54 PM,7/25/2023 12:45:30 PM,Aguirre,106
07/25/2023 04:54 PM,7/25/2023 12:45:30 PM,Aguirre CC,147
07/25/2023 04:54 PM,7/25/2023 12:45:30 PM,Costa Sur,100
07/25/2023 04:54 PM,7/25/2023 12:45:30 PM,Cambalache,150
07/25/2023 04:54 PM,7/25/2023 12:45:30 PM,Mayaguez,144
07/25/2023 04:54 PM,7/25/2023 12:45:30 PM,Costa Sur LNG,9
07/25/2023 05:03 PM,7/25/2023 12:55:30 PM,San Juan,100
07/25/2023 05:03 PM,7/25/2023 12:55:30 PM,San Juan CC,144
07/25/2023 05:03 PM,7/25/2023 12:55:30 PM,Palo Seco,100
07/25/2023 05:03 PM,7/25/2023 12:55:30 PM,Aguirre,106
07/25/2023 05:03 PM,7/25/2023 12:55:30 PM,Aguirre CC,147
07/25/2023 05:03 PM,7/25/2023 12:55:30 PM,Costa Sur,100
07/25/2023 05:03 PM,7/25/2023 12:55:30 PM,Cambalache,150
07/25/2023 05:03 PM,7/25/2023 12:55:30 PM,Mayaguez,144
07/25/2023 05:03 PM,7/25/2023 12:55:30 PM,Costa Sur LNG,9
07/25/2023 05:13 PM,7/25/2023 1:05:30 PM,San Juan,100
07/25/2023 05:13 PM,7/25/2023 1:05:30 PM,San Juan CC,144
07/25/2023 05:13 PM,7/25/2023 1:05:30 PM,Palo Seco,100
07/25/2023 05:13 PM,7/25/2023 1:05:30 PM,Aguirre,106
07/25/2023 05:13 PM,7/25/2023 1:05:30 PM,Aguirre CC,147
07/25/2023 05:13 PM,7/25/2023 1:05:30 PM,Costa Sur,100
07/25/2023 05:13 PM,7/25/2023 1:05:30 PM,Cambalache,150
07/25/2023 05:13 PM,7/25/2023 1:05:30 PM,Mayaguez,144
07/25/2023 05:13 PM,7/25/2023 1:05:30 PM,Costa Sur LNG,9
07/25/2023 05:22 PM,7/25/2023 1:15:30 PM,San Juan,100
07/25/2023 05:22 PM,7/25/2023 1:15:30 PM,San Juan CC,144
07/25/2023 05:22 PM,7/25/2023 1:15:30 PM,Palo Seco,100
07/25/2023 05:22 PM,7/25/2023 1:15:30 PM,Aguirre,106
07/25/2023 05:22 PM,7/25/2023 1:15:30 PM,Aguirre CC,147
07/25/2023 05:22 PM,7/25/2023 1:15:30 PM,Costa Sur,100
07/25/2023 05:22 PM,7/25/2023 1:15:30 PM,Cambalache,150
07/25/2023 05:22 PM,7/25/2023 1:15:30 PM,Mayaguez,144
07/25/2023 05:22 PM,7/25/2023 1:15:30 PM,Costa Sur LNG,9
07/25/2023 05:30 PM,7/25/2023 1:20:30 PM,San Juan,100
07/25/2023 05:30 PM,7/25/2023 1:20:30 PM,San Juan CC,144
07/25/2023 05:30 PM,7/25/2023 1:20:30 PM,Palo Seco,100
07/25/2023 05:30 PM,7/25/2023 1:20:30 PM,Aguirre,106
07/25/2023 05:30 PM,7/25/2023 1:20:30 PM,Aguirre CC,147
07/25/2023 05:30 PM,7/25/2023 1:20:30 PM,Costa Sur,100
07/25/2023 05:30 PM,7/25/2023 1:20:30 PM,Cambalache,150
07/25/2023 05:30 PM,7/25/2023 1:20:30 PM,Mayaguez,144
07/25/2023 05:30 PM,7/25/2023 1:20:30 PM,Costa Sur LNG,9
07/25/2023 05:37 PM,7/25/2023 1:30:30 PM,San Juan,100
07/25/2023 05:37 PM,7/25/2023 1:30:30 PM,San Juan CC,144
07/25/2023 05:37 PM,7/25/2023 1:30:30 PM,Palo Seco,100
07/25/2023 05:37 PM,7/25/2023 1:30:30 PM,Aguirre,106
07/25/2023 05:37 PM,7/25/2023 1:30:30 PM,Aguirre CC,147
07/25/2023 05:37 PM,7/25/2023 1:30:30 PM,Costa Sur,100
07/25/2023 05:37 PM,7/25/2023 1:30:30 PM,Cambalache,150
07/25/2023 05:37 PM,7/25/2023 1:30:30 PM,Mayaguez,144
07/25/2023 05:37 PM,7/25/2023 1:30:30 PM,Costa Sur LNG,9
07/25/2023 05:44 PM,7/25/2023 1:35:30 PM,San Juan,100
07/25/2023 05:44 PM,7/25/2023 1:35:30 PM,San Juan CC,144
07/25/2023 05:44 PM,7/25/2023 1:35:30 PM,Palo Seco,100
07/25/2023 05:44 PM,7/25/2023 1:35:30 PM,Aguirre,106
07/25/2023 05:44 PM,7/25/2023 1:35:30 PM,Aguirre CC,147
07/25/2023 05:44 PM,7/25/2023 1:35:30 PM,Costa Sur,100
07/25/2023 05:44 PM,7/25/2023 1:35:30 PM,Cambalache,150
07/25/2023 05:44 PM,7/25/2023 1:35:30 PM,Mayaguez,144
07/25/2023 05:44 PM,7/25/2023 1:35:30 PM,Costa Sur LNG,9
07/25/2023 05:52 PM,7/25/2023 1:45:30 PM,San Juan,100
07/25/2023 05:52 PM,7/25/2023 1:45:30 PM,San Juan CC,144
07/25/2023 05:52 PM,7/25/2023 1:45:30 PM,Palo Seco,100
07/25/2023 05:52 PM,7/25/2023 1:45:30 PM,Aguirre,106
07/25/2023 05:52 PM,7/25/2023 1:45:30 PM,Aguirre CC,147
07/25/2023 05:52 PM,7/25/2023 1:45:30 PM,Costa Sur,100
07/25/2023 05:52 PM,7/25/2023 1:45:30 PM,Cambalache,150
07/25/2023 05:52 PM,7/25/2023 1:45:30 PM,Mayaguez,144
07/25/2023 05:52 PM,7/25/2023 1:45:30 PM,Costa Sur LNG,9
07/25/2023 06:00 PM,7/25/2023 1:50:30 PM,San Juan,100
07/25/2023 06:00 PM,7/25/2023 1:50:30 PM,San Juan CC,144
07/25/2023 06:00 PM,7/25/2023 1:50:30 PM,Palo Seco,100
07/25/2023 06:00 PM,7/25/2023 1:50:30 PM,Aguirre,106
07/25/2023 06:00 PM,7/25/2023 1:50:30 PM,Aguirre CC,147
07/25/2023 06:00 PM,7/25/2023 1:50:30 PM,Costa Sur,100
07/25/2023 06:00 PM,7/25/2023 1:50:30 PM,Cambalache,150
07/25/2023 06:00 PM,7/25/2023 1:50:30 PM,Mayaguez,144
07/25/2023 06:00 PM,7/25/2023 1:50:30 PM,Costa Sur LNG,9
07/25/2023 06:09 PM,7/25/2023 2:00:30 PM,San Juan,100
07/25/2023 06:09 PM,7/25/2023 2:00:30 PM,San Juan CC,144
07/25/2023 06:09 PM,7/25/2023 2:00:30 PM,Palo Seco,100
07/25/2023 06:09 PM,7/25/2023 2:00:30 PM,Aguirre,106
07/25/2023 06:09 PM,7/25/2023 2:00:30 PM,Aguirre CC,147
07/25/2023 06:09 PM,7/25/2023 2:00:30 PM,Costa Sur,100
07/25/2023 06:09 PM,7/25/2023 2:00:30 PM,Cambalache,150
07/25/2023 06:09 PM,7/25/2023 2:00:30 PM,Mayaguez,144
07/25/2023 06:09 PM,7/25/2023 2:00:30 PM,Costa Sur LNG,9
07/25/2023 06:21 PM,7/25/2023 2:15:30 PM,San Juan,100
07/25/2023 06:21 PM,7/25/2023 2:15:30 PM,San Juan CC,144
07/25/2023 06:21 PM,7/25/2023 2:15:30 PM,Palo Seco,100
07/25/2023 06:21 PM,7/25/2023 2:15:30 PM,Aguirre,106
07/25/2023 06:21 PM,7/25/2023 2:15:30 PM,Aguirre CC,147
07/25/2023 06:21 PM,7/25/2023 2:15:30 PM,Costa Sur,100
07/25/2023 06:21 PM,7/25/2023 2:15:30 PM,Cambalache,150
07/25/2023 06:21 PM,7/25/2023 2:15:30 PM,Mayaguez,144
07/25/2023 06:21 PM,7/25/2023 2:15:30 PM,Costa Sur LNG,9
07/25/2023 06:29 PM,7/25/2023 2:20:30 PM,San Juan,100
07/25/2023 06:29 PM,7/25/2023 2:20:30 PM,San Juan CC,144
07/25/2023 06:29 PM,7/25/2023 2:20:30 PM,Palo Seco,100
07/25/2023 06:29 PM,7/25/2023 2:20:30 PM,Aguirre,106
07/25/2023 06:29 PM,7/25/2023 2:20:30 PM,Aguirre CC,147
07/25/2023 06:29 PM,7/25/2023 2:20:30 PM,Costa Sur,100
07/25/2023 06:29 PM,7/25/2023 2:20:30 PM,Cambalache,150
07/25/2023 06:29 PM,7/25/2023 2:20:30 PM,Mayaguez,144
07/25/2023 06:29 PM,7/25/2023 2:20:30 PM,Costa Sur LNG,9
07/25/2023 06:37 PM,7/25/2023 2:30:30 PM,San Juan,100
07/25/2023 06:37 PM,7/25/2023 2:30:30 PM,San Juan CC,144
07/25/2023 06:37 PM,7/25/2023 2:30:30 PM,Palo Seco,100
07/25/2023 06:37 PM,7/25/2023 2:30:30 PM,Aguirre,106
07/25/2023 06:37 PM,7/25/2023 2:30:30 PM,Aguirre CC,147
07/25/2023 06:37 PM,7/25/2023 2:30:30 PM,Costa Sur,100
07/25/2023 06:37 PM,7/25/2023 2:30:30 PM,Cambalache,150
07/25/2023 06:37 PM,7/25/2023 2:30:30 PM,Mayaguez,144
07/25/2023 06:37 PM,7/25/2023 2:30:30 PM,Costa Sur LNG,9
07/25/2023 06:44 PM,7/25/2023 2:35:30 PM,San Juan,100
07/25/2023 06:44 PM,7/25/2023 2:35:30 PM,San Juan CC,144
07/25/2023 06:44 PM,7/25/2023 2:35:30 PM,Palo Seco,100
07/25/2023 06:44 PM,7/25/2023 2:35:30 PM,Aguirre,106
07/25/2023 06:44 PM,7/25/2023 2:35:30 PM,Aguirre CC,147
07/25/2023 06:44 PM,7/25/2023 2:35:30 PM,Costa Sur,100
07/25/2023 06:44 PM,7/25/2023 2:35:30 PM,Cambalache,150
07/25/2023 06:44 PM,7/25/2023 2:35:30 PM,Mayaguez,144
07/25/2023 06:44 PM,7/25/2023 2:35:30 PM,Costa Sur LNG,9
07/25/2023 06:52 PM,7/25/2023 2:45:30 PM,San Juan,100
07/25/2023 06:52 PM,7/25/2023 2:45:30 PM,San Juan CC,144
07/25/2023 06:52 PM,7/25/2023 2:45:30 PM,Palo Seco,100
07/25/2023 06:52 PM,7/25/2023 2:45:30 PM,Aguirre,106
07/25/2023 06:52 PM,7/25/2023 2:45:30 PM,Aguirre CC,147
07/25/2023 06:52 PM,7/25/2023 2:45:30 PM,Costa Sur,100
07/25/2023 06:52 PM,7/25/2023 2:45:30 PM,Cambalache,150
07/25/2023 06:52 PM,7/25/2023 2:45:30 PM,Mayaguez,144
07/25/2023 06:52 PM,7/25/2023 2:45:30 PM,Costa Sur LNG,9
07/25/2023 06:59 PM,7/25/2023 2:50:30 PM,San Juan,100
07/25/2023 06:59 PM,7/25/2023 2:50:30 PM,San Juan CC,144
07/25/2023 06:59 PM,7/25/2023 2:50:30 PM,Palo Seco,100
07/25/2023 06:59 PM,7/25/2023 2:50:30 PM,Aguirre,106
07/25/2023 06:59 PM,7/25/2023 2:50:30 PM,Aguirre CC,147
07/25/2023 06:59 PM,7/25/2023 2:50:30 PM,Costa Sur,100
07/25/2023 06:59 PM,7/25/2023 2:50:30 PM,Cambalache,150
07/25/2023 06:59 PM,7/25/2023 2:50:30 PM,Mayaguez,144
07/25/2023 06:59 PM,7/25/2023 2:50:30 PM,Costa Sur LNG,9
07/25/2023 07:08 PM,7/25/2023 3:00:30 PM,San Juan,100
07/25/2023 07:08 PM,7/25/2023 3:00:30 PM,San Juan CC,144
07/25/2023 07:08 PM,7/25/2023 3:00:30 PM,Palo Seco,100
07/25/2023 07:08 PM,7/25/2023 3:00:30 PM,Aguirre,106
07/25/2023 07:08 PM,7/25/2023 3:00:30 PM,Aguirre CC,147
07/25/2023 07:08 PM,7/25/2023 3:00:30 PM,Costa Sur,100
07/25/2023 07:08 PM,7/25/2023 3:00:30 PM,Cambalache,150
07/25/2023 07:08 PM,7/25/2023 3:00:30 PM,Mayaguez,144
07/25/2023 07:08 PM,7/25/2023 3:00:30 PM,Costa Sur LNG,9
07/25/2023 07:16 PM,7/25/2023 3:10:30 PM,San Juan,100
07/25/2023 07:16 PM,7/25/2023 3:10:30 PM,San Juan CC,144
07/25/2023 07:16 PM,7/25/2023 3:10:30 PM,Palo Seco,100
07/25/2023 07:16 PM,7/25/2023 3:10:30 PM,Aguirre,106
07/25/2023 07:16 PM,7/25/2023 3:10:30 PM,Aguirre CC,147
07/25/2023 07:16 PM,7/25/2023 3:10:30 PM,Costa Sur,100
07/25/2023 07:16 PM,7/25/2023 3:10:30 PM,Cambalache,150
07/25/2023 07:16 PM,7/25/2023 3:10:30 PM,Mayaguez,144
07/25/2023 07:16 PM,7/25/2023 3:10:30 PM,Costa Sur LNG,9
07/25/2023 07:25 PM,7/25/2023 3:20:30 PM,San Juan,100
07/25/2023 07:25 PM,7/25/2023 3:20:30 PM,San Juan CC,144
07/25/2023 07:25 PM,7/25/2023 3:20:30 PM,Palo Seco,100
07/25/2023 07:25 PM,7/25/2023 3:20:30 PM,Aguirre,106
07/25/2023 07:25 PM,7/25/2023 3:20:30 PM,Aguirre CC,147
07/25/2023 07:25 PM,7/25/2023 3:20:30 PM,Costa Sur,100
07/25/2023 07:25 PM,7/25/2023 3:20:30 PM,Cambalache,150
07/25/2023 07:25 PM,7/25/2023 3:20:30 PM,Mayaguez,144
07/25/2023 07:25 PM,7/25/2023 3:20:30 PM,Costa Sur LNG,9
07/25/2023 07:31 PM,7/25/2023 3:25:30 PM,San Juan,100
07/25/2023 07:31 PM,7/25/2023 3:25:30 PM,San Juan CC,144
07/25/2023 07:31 PM,7/25/2023 3:25:30 PM,Palo Seco,100
07/25/2023 07:31 PM,7/25/2023 3:25:30 PM,Aguirre,106
07/25/2023 07:31 PM,7/25/2023 3:25:30 PM,Aguirre CC,147
07/25/2023 07:31 PM,7/25/2023 3:25:30 PM,Costa Sur,100
07/25/2023 07:31 PM,7/25/2023 3:25:30 PM,Cambalache,150
07/25/2023 07:31 PM,7/25/2023 3:25:30 PM,Mayaguez,144
07/25/2023 07:31 PM,7/25/2023 3:25:30 PM,Costa Sur LNG,9
07/25/2023 07:38 PM,7/25/2023 3:30:30 PM,San Juan,100
07/25/2023 07:38 PM,7/25/2023 3:30:30 PM,San Juan CC,144
07/25/2023 07:38 PM,7/25/2023 3:30:30 PM,Palo Seco,100
07/25/2023 07:38 PM,7/25/2023 3:30:30 PM,Aguirre,106
07/25/2023 07:38 PM,7/25/2023 3:30:30 PM,Aguirre CC,147
07/25/2023 07:38 PM,7/25/2023 3:30:30 PM,Costa Sur,100
07/25/2023 07:38 PM,7/25/2023 3:30:30 PM,Cambalache,150
07/25/2023 07:38 PM,7/25/2023 3:30:30 PM,Mayaguez,144
07/25/2023 07:38 PM,7/25/2023 3:30:30 PM,Costa Sur LNG,9
07/25/2023 07:46 PM,7/25/2023 3:40:30 PM,San Juan,100
07/25/2023 07:46 PM,7/25/2023 3:40:30 PM,San Juan CC,144
07/25/2023 07:46 PM,7/25/2023 3:40:30 PM,Palo Seco,100
07/25/2023 07:46 PM,7/25/2023 3:40:30 PM,Aguirre,106
07/25/2023 07:46 PM,7/25/2023 3:40:30 PM,Aguirre CC,147
07/25/2023 07:46 PM,7/25/2023 3:40:30 PM,Costa Sur,100
07/25/2023 07:46 PM,7/25/2023 3:40:30 PM,Cambalache,150
07/25/2023 07:46 PM,7/25/2023 3:40:30 PM,Mayaguez,144
07/25/2023 07:46 PM,7/25/2023 3:40:30 PM,Costa Sur LNG,9
07/25/2023 07:53 PM,7/25/2023 3:45:30 PM,San Juan,100
07/25/2023 07:53 PM,7/25/2023 3:45:30 PM,San Juan CC,144
07/25/2023 07:53 PM,7/25/2023 3:45:30 PM,Palo Seco,100
07/25/2023 07:53 PM,7/25/2023 3:45:30 PM,Aguirre,106
07/25/2023 07:53 PM,7/25/2023 3:45:30 PM,Aguirre CC,147
07/25/2023 07:53 PM,7/25/2023 3:45:30 PM,Costa Sur,100
07/25/2023 07:53 PM,7/25/2023 3:45:30 PM,Cambalache,150
07/25/2023 07:53 PM,7/25/2023 3:45:30 PM,Mayaguez,144
07/25/2023 07:53 PM,7/25/2023 3:45:30 PM,Costa Sur LNG,9
07/25/2023 08:01 PM,7/25/2023 3:55:30 PM,San Juan,100
07/25/2023 08:01 PM,7/25/2023 3:55:30 PM,San Juan CC,144
07/25/2023 08:01 PM,7/25/2023 3:55:30 PM,Palo Seco,100
07/25/2023 08:01 PM,7/25/2023 3:55:30 PM,Aguirre,106
07/25/2023 08:01 PM,7/25/2023 3:55:30 PM,Aguirre CC,147
07/25/2023 08:01 PM,7/25/2023 3:55:30 PM,Costa Sur,100
07/25/2023 08:01 PM,7/25/2023 3:55:30 PM,Cambalache,150
07/25/2023 08:01 PM,7/25/2023 3:55:30 PM,Mayaguez,144
07/25/2023 08:01 PM,7/25/2023 3:55:30 PM,Costa Sur LNG,9
07/25/2023 08:11 PM,7/25/2023 4:05:30 PM,San Juan,100
07/25/2023 08:11 PM,7/25/2023 4:05:30 PM,San Juan CC,144
07/25/2023 08:11 PM,7/25/2023 4:05:30 PM,Palo Seco,100
07/25/2023 08:11 PM,7/25/2023 4:05:30 PM,Aguirre,106
07/25/2023 08:11 PM,7/25/2023 4:05:30 PM,Aguirre CC,147
07/25/2023 08:11 PM,7/25/2023 4:05:30 PM,Costa Sur,100
07/25/2023 08:11 PM,7/25/2023 4:05:30 PM,Cambalache,150
07/25/2023 08:11 PM,7/25/2023 4:05:30 PM,Mayaguez,144
07/25/2023 08:11 PM,7/25/2023 4:05:30 PM,Costa Sur LNG,9
07/25/2023 08:20 PM,7/25/2023 4:15:30 PM,San Juan,100
07/25/2023 08:20 PM,7/25/2023 4:15:30 PM,San Juan CC,144
07/25/2023 08:20 PM,7/25/2023 4:15:30 PM,Palo Seco,100
07/25/2023 08:20 PM,7/25/2023 4:15:30 PM,Aguirre,106
07/25/2023 08:20 PM,7/25/2023 4:15:30 PM,Aguirre CC,147
07/25/2023 08:20 PM,7/25/2023 4:15:30 PM,Costa Sur,100
07/25/2023 08:20 PM,7/25/2023 4:15:30 PM,Cambalache,150
07/25/2023 08:20 PM,7/25/2023 4:15:30 PM,Mayaguez,144
07/25/2023 08:20 PM,7/25/2023 4:15:30 PM,Costa Sur LNG,9
07/25/2023 08:28 PM,7/25/2023 4:20:30 PM,San Juan,100
07/25/2023 08:28 PM,7/25/2023 4:20:30 PM,San Juan CC,144
07/25/2023 08:28 PM,7/25/2023 4:20:30 PM,Palo Seco,100
07/25/2023 08:28 PM,7/25/2023 4:20:30 PM,Aguirre,106
07/25/2023 08:28 PM,7/25/2023 4:20:30 PM,Aguirre CC,147
07/25/2023 08:28 PM,7/25/2023 4:20:30 PM,Costa Sur,100
07/25/2023 08:28 PM,7/25/2023 4:20:30 PM,Cambalache,150
07/25/2023 08:28 PM,7/25/2023 4:20:30 PM,Mayaguez,144
07/25/2023 08:28 PM,7/25/2023 4:20:30 PM,Costa Sur LNG,9
07/25/2023 08:35 PM,7/25/2023 4:30:30 PM,San Juan,100
07/25/2023 08:35 PM,7/25/2023 4:30:30 PM,San Juan CC,144
07/25/2023 08:35 PM,7/25/2023 4:30:30 PM,Palo Seco,100
07/25/2023 08:35 PM,7/25/2023 4:30:30 PM,Aguirre,106
07/25/2023 08:35 PM,7/25/2023 4:30:30 PM,Aguirre CC,147
07/25/2023 08:35 PM,7/25/2023 4:30:30 PM,Costa Sur,100
07/25/2023 08:35 PM,7/25/2023 4:30:30 PM,Cambalache,150
07/25/2023 08:35 PM,7/25/2023 4:30:30 PM,Mayaguez,144
07/25/2023 08:35 PM,7/25/2023 4:30:30 PM,Costa Sur LNG,9
07/25/2023 08:43 PM,7/25/2023 4:35:30 PM,San Juan,100
07/25/2023 08:43 PM,7/25/2023 4:35:30 PM,San Juan CC,144
07/25/2023 08:43 PM,7/25/2023 4:35:30 PM,Palo Seco,100
07/25/2023 08:43 PM,7/25/2023 4:35:30 PM,Aguirre,106
07/25/2023 08:43 PM,7/25/2023 4:35:30 PM,Aguirre CC,147
07/25/2023 08:43 PM,7/25/2023 4:35:30 PM,Costa Sur,100
07/25/2023 08:43 PM,7/25/2023 4:35:30 PM,Cambalache,150
07/25/2023 08:43 PM,7/25/2023 4:35:30 PM,Mayaguez,144
07/25/2023 08:43 PM,7/25/2023 4:35:30 PM,Costa Sur LNG,9
07/25/2023 08:50 PM,7/25/2023 4:45:30 PM,San Juan,100
07/25/2023 08:50 PM,7/25/2023 4:45:30 PM,San Juan CC,144
07/25/2023 08:50 PM,7/25/2023 4:45:30 PM,Palo Seco,100
07/25/2023 08:50 PM,7/25/2023 4:45:30 PM,Aguirre,106
07/25/2023 08:50 PM,7/25/2023 4:45:30 PM,Aguirre CC,147
07/25/2023 08:50 PM,7/25/2023 4:45:30 PM,Costa Sur,100
07/25/2023 08:50 PM,7/25/2023 4:45:30 PM,Cambalache,150
07/25/2023 08:50 PM,7/25/2023 4:45:30 PM,Mayaguez,144
07/25/2023 08:50 PM,7/25/2023 4:45:30 PM,Costa Sur LNG,9
07/25/2023 08:58 PM,7/25/2023 4:50:30 PM,San Juan,100
07/25/2023 08:58 PM,7/25/2023 4:50:30 PM,San Juan CC,144
07/25/2023 08:58 PM,7/25/2023 4:50:30 PM,Palo Seco,100
07/25/2023 08:58 PM,7/25/2023 4:50:30 PM,Aguirre,106
07/25/2023 08:58 PM,7/25/2023 4:50:30 PM,Aguirre CC,147
07/25/2023 08:58 PM,7/25/2023 4:50:30 PM,Costa Sur,100
07/25/2023 08:58 PM,7/25/2023 4:50:30 PM,Cambalache,150
07/25/2023 08:58 PM,7/25/2023 4:50:30 PM,Mayaguez,144
07/25/2023 08:58 PM,7/25/2023 4:50:30 PM,Costa Sur LNG,9
07/25/2023 09:07 PM,7/25/2023 5:00:30 PM,San Juan,100
07/25/2023 09:07 PM,7/25/2023 5:00:30 PM,San Juan CC,144
07/25/2023 09:07 PM,7/25/2023 5:00:30 PM,Palo Seco,100
07/25/2023 09:07 PM,7/25/2023 5:00:30 PM,Aguirre,106
07/25/2023 09:07 PM,7/25/2023 5:00:30 PM,Aguirre CC,147
07/25/2023 09:07 PM,7/25/2023 5:00:30 PM,Costa Sur,100
07/25/2023 09:07 PM,7/25/2023 5:00:30 PM,Cambalache,150
07/25/2023 09:07 PM,7/25/2023 5:00:30 PM,Mayaguez,144
07/25/2023 09:07 PM,7/25/2023 5:00:30 PM,Costa Sur LNG,9
07/25/2023 09:23 PM,7/25/2023 5:15:30 PM,San Juan,100
07/25/2023 09:23 PM,7/25/2023 5:15:30 PM,San Juan CC,144
07/25/2023 09:23 PM,7/25/2023 5:15:30 PM,Palo Seco,100
07/25/2023 09:23 PM,7/25/2023 5:15:30 PM,Aguirre,106
07/25/2023 09:23 PM,7/25/2023 5:15:30 PM,Aguirre CC,147
07/25/2023 09:23 PM,7/25/2023 5:15:30 PM,Costa Sur,100
07/25/2023 09:23 PM,7/25/2023 5:15:30 PM,Cambalache,150
07/25/2023 09:23 PM,7/25/2023 5:15:30 PM,Mayaguez,144
07/25/2023 09:23 PM,7/25/2023 5:15:30 PM,Costa Sur LNG,9
